-- phpMyAdmin SQL Dump
-- version 5.1.1
-- https://www.phpmyadmin.net/
--
-- Host: 127.0.0.1
-- Generation Time: Sep 08, 2024 at 04:23 PM
-- Server version: 10.4.22-MariaDB
-- PHP Version: 8.1.2

SET SQL_MODE = "NO_AUTO_VALUE_ON_ZERO";
START TRANSACTION;
SET time_zone = "+00:00";


/*!40101 SET @OLD_CHARACTER_SET_CLIENT=@@CHARACTER_SET_CLIENT */;
/*!40101 SET @OLD_CHARACTER_SET_RESULTS=@@CHARACTER_SET_RESULTS */;
/*!40101 SET @OLD_COLLATION_CONNECTION=@@COLLATION_CONNECTION */;
/*!40101 SET NAMES utf8mb4 */;

--
-- Database: `mie_ayam_berkah`
--

-- --------------------------------------------------------

--
-- Table structure for table `ci_sessions`
--

CREATE TABLE `ci_sessions` (
  `id` varchar(128) NOT NULL,
  `ip_address` varchar(45) NOT NULL,
  `timestamp` int(10) UNSIGNED NOT NULL DEFAULT 0,
  `data` blob NOT NULL
) ENGINE=InnoDB DEFAULT CHARSET=utf8mb4;

--
-- Dumping data for table `ci_sessions`
--

INSERT INTO `ci_sessions` (`id`, `ip_address`, `timestamp`, `data`) VALUES
('4ikb7nk4r78vvjrq2cob1bdvdlbnhgdu', '::1', 1691383751, 0x5f5f63695f6c6173745f726567656e65726174657c693a313639313338333735313b7265646972656374696f6e7c4e3b5f5f4143544956455f53455353494f4e5f444154417c733a3235363a2262396463383530313034313231346565313739396236326634653063386237646564356136353735323734383265316235343032616265313765386336366635613265636339656363366165613736636239333838316666646665326435353039366238633933643762333331333432383738306239393636383930396531322b79573452436a453733316f5659766b674e614179656a2f7447483461583848715435457767614b6c6f614333364769624166442b2f416c3869317369457456454c7348792f6b574b797a506f563376494465555233797163666c65624e7964506f746a72484a74514d4344436c344c52464d766c554f3645645a2b31375076223b636172745f636f6e74656e74737c613a343a7b733a31303a22636172745f746f74616c223b643a3436383530303b733a31313a22746f74616c5f6974656d73223b643a363b733a33323a226135626663396530373936346638646464656239356663353834636439363564223b613a363a7b733a323a226964223b733a323a223337223b733a333a22717479223b643a313b733a353a227072696365223b643a31383530303b733a343a226e616d65223b733a393a224d4945205355504552223b733a353a22726f776964223b733a33323a226135626663396530373936346638646464656239356663353834636439363564223b733a383a22737562746f74616c223b643a31383530303b7d733a33323a223633363464336630663439356236616239646366386433623563366530623031223b613a363a7b733a323a226964223b733a323a223332223b733a333a22717479223b643a353b733a353a227072696365223b643a39303030303b733a343a226e616d65223b733a31353a2242414b534f20544148552053415049223b733a353a22726f776964223b733a33323a223633363464336630663439356236616239646366386433623563366530623031223b733a383a22737562746f74616c223b643a3435303030303b7d7d),
('nl8st870gl68t2d45pr8bl3tqfpe2vnl', '::1', 1691384195, 0x5f5f63695f6c6173745f726567656e65726174657c693a313639313338343139353b7265646972656374696f6e7c4e3b5f5f4143544956455f53455353494f4e5f444154417c733a3235363a2262396463383530313034313231346565313739396236326634653063386237646564356136353735323734383265316235343032616265313765386336366635613265636339656363366165613736636239333838316666646665326435353039366238633933643762333331333432383738306239393636383930396531322b79573452436a453733316f5659766b674e614179656a2f7447483461583848715435457767614b6c6f614333364769624166442b2f416c3869317369457456454c7348792f6b574b797a506f563376494465555233797163666c65624e7964506f746a72484a74514d4344436c344c52464d766c554f3645645a2b31375076223b636172745f636f6e74656e74737c613a333a7b733a31303a22636172745f746f74616c223b643a3435303030303b733a31313a22746f74616c5f6974656d73223b643a353b733a33323a223633363464336630663439356236616239646366386433623563366530623031223b613a363a7b733a323a226964223b733a323a223332223b733a333a22717479223b643a353b733a353a227072696365223b643a39303030303b733a343a226e616d65223b733a31353a2242414b534f20544148552053415049223b733a353a22726f776964223b733a33323a223633363464336630663439356236616239646366386433623563366530623031223b733a383a22737562746f74616c223b643a3435303030303b7d7d),
('hli1fnconi866ilitmndbaejg2iisoo7', '::1', 1691387158, 0x5f5f63695f6c6173745f726567656e65726174657c693a313639313338373135383b7265646972656374696f6e7c4e3b5f5f4143544956455f53455353494f4e5f444154417c733a3235363a2262396463383530313034313231346565313739396236326634653063386237646564356136353735323734383265316235343032616265313765386336366635613265636339656363366165613736636239333838316666646665326435353039366238633933643762333331333432383738306239393636383930396531322b79573452436a453733316f5659766b674e614179656a2f7447483461583848715435457767614b6c6f614333364769624166442b2f416c3869317369457456454c7348792f6b574b797a506f563376494465555233797163666c65624e7964506f746a72484a74514d4344436c344c52464d766c554f3645645a2b31375076223b636172745f636f6e74656e74737c613a333a7b733a31303a22636172745f746f74616c223b643a3435303030303b733a31313a22746f74616c5f6974656d73223b643a353b733a33323a223633363464336630663439356236616239646366386433623563366530623031223b613a363a7b733a323a226964223b733a323a223332223b733a333a22717479223b643a353b733a353a227072696365223b643a39303030303b733a343a226e616d65223b733a31353a2242414b534f20544148552053415049223b733a353a22726f776964223b733a33323a223633363464336630663439356236616239646366386433623563366530623031223b733a383a22737562746f74616c223b643a3435303030303b7d7d),
('o330h3evl8nei9eomv189pjurs0fs1vd', '::1', 1691387580, 0x5f5f63695f6c6173745f726567656e65726174657c693a313639313338373538303b7265646972656374696f6e7c4e3b5f5f4143544956455f53455353494f4e5f444154417c733a3235363a2262396463383530313034313231346565313739396236326634653063386237646564356136353735323734383265316235343032616265313765386336366635613265636339656363366165613736636239333838316666646665326435353039366238633933643762333331333432383738306239393636383930396531322b79573452436a453733316f5659766b674e614179656a2f7447483461583848715435457767614b6c6f614333364769624166442b2f416c3869317369457456454c7348792f6b574b797a506f563376494465555233797163666c65624e7964506f746a72484a74514d4344436c344c52464d766c554f3645645a2b31375076223b636172745f636f6e74656e74737c613a333a7b733a31303a22636172745f746f74616c223b643a3435303030303b733a31313a22746f74616c5f6974656d73223b643a353b733a33323a223633363464336630663439356236616239646366386433623563366530623031223b613a363a7b733a323a226964223b733a323a223332223b733a333a22717479223b643a353b733a353a227072696365223b643a39303030303b733a343a226e616d65223b733a31353a2242414b534f20544148552053415049223b733a353a22726f776964223b733a33323a223633363464336630663439356236616239646366386433623563366530623031223b733a383a22737562746f74616c223b643a3435303030303b7d7d),
('tp0e5vmff92h9u78ipbmc6o26mckjqhg', '::1', 1691387924, 0x5f5f63695f6c6173745f726567656e65726174657c693a313639313338373932343b7265646972656374696f6e7c4e3b5f5f4143544956455f53455353494f4e5f444154417c733a3235363a2262396463383530313034313231346565313739396236326634653063386237646564356136353735323734383265316235343032616265313765386336366635613265636339656363366165613736636239333838316666646665326435353039366238633933643762333331333432383738306239393636383930396531322b79573452436a453733316f5659766b674e614179656a2f7447483461583848715435457767614b6c6f614333364769624166442b2f416c3869317369457456454c7348792f6b574b797a506f563376494465555233797163666c65624e7964506f746a72484a74514d4344436c344c52464d766c554f3645645a2b31375076223b636172745f636f6e74656e74737c613a333a7b733a31303a22636172745f746f74616c223b643a3435303030303b733a31313a22746f74616c5f6974656d73223b643a353b733a33323a223633363464336630663439356236616239646366386433623563366530623031223b613a363a7b733a323a226964223b733a323a223332223b733a333a22717479223b643a353b733a353a227072696365223b643a39303030303b733a343a226e616d65223b733a31353a2242414b534f20544148552053415049223b733a353a22726f776964223b733a33323a223633363464336630663439356236616239646366386433623563366530623031223b733a383a22737562746f74616c223b643a3435303030303b7d7d),
('t6ug0pruvpvrb6h9770pgrra238qg46i', '::1', 1691388257, 0x5f5f63695f6c6173745f726567656e65726174657c693a313639313338383235373b7265646972656374696f6e7c4e3b5f5f4143544956455f53455353494f4e5f444154417c733a3235363a2262396463383530313034313231346565313739396236326634653063386237646564356136353735323734383265316235343032616265313765386336366635613265636339656363366165613736636239333838316666646665326435353039366238633933643762333331333432383738306239393636383930396531322b79573452436a453733316f5659766b674e614179656a2f7447483461583848715435457767614b6c6f614333364769624166442b2f416c3869317369457456454c7348792f6b574b797a506f563376494465555233797163666c65624e7964506f746a72484a74514d4344436c344c52464d766c554f3645645a2b31375076223b636172745f636f6e74656e74737c613a333a7b733a31303a22636172745f746f74616c223b643a3435303030303b733a31313a22746f74616c5f6974656d73223b643a353b733a33323a223633363464336630663439356236616239646366386433623563366530623031223b613a363a7b733a323a226964223b733a323a223332223b733a333a22717479223b643a353b733a353a227072696365223b643a39303030303b733a343a226e616d65223b733a31353a2242414b534f20544148552053415049223b733a353a22726f776964223b733a33323a223633363464336630663439356236616239646366386433623563366530623031223b733a383a22737562746f74616c223b643a3435303030303b7d7d),
('iceko6jvet8fi6deg5bqpgo1s1hrt4g9', '::1', 1691390716, 0x5f5f63695f6c6173745f726567656e65726174657c693a313639313339303731363b7265646972656374696f6e7c4e3b5f5f4143544956455f53455353494f4e5f444154417c733a3235363a2262396463383530313034313231346565313739396236326634653063386237646564356136353735323734383265316235343032616265313765386336366635613265636339656363366165613736636239333838316666646665326435353039366238633933643762333331333432383738306239393636383930396531322b79573452436a453733316f5659766b674e614179656a2f7447483461583848715435457767614b6c6f614333364769624166442b2f416c3869317369457456454c7348792f6b574b797a506f563376494465555233797163666c65624e7964506f746a72484a74514d4344436c344c52464d766c554f3645645a2b31375076223b636172745f636f6e74656e74737c613a333a7b733a31303a22636172745f746f74616c223b643a3435303030303b733a31313a22746f74616c5f6974656d73223b643a353b733a33323a223633363464336630663439356236616239646366386433623563366530623031223b613a363a7b733a323a226964223b733a323a223332223b733a333a22717479223b643a353b733a353a227072696365223b643a39303030303b733a343a226e616d65223b733a31353a2242414b534f20544148552053415049223b733a353a22726f776964223b733a33323a223633363464336630663439356236616239646366386433623563366530623031223b733a383a22737562746f74616c223b643a3435303030303b7d7d),
('7qjrna050oorsh5kt5c74vgbj6mjm7ui', '::1', 1691391156, 0x5f5f63695f6c6173745f726567656e65726174657c693a313639313339313135363b7265646972656374696f6e7c4e3b5f5f4143544956455f53455353494f4e5f444154417c733a3235363a2262396463383530313034313231346565313739396236326634653063386237646564356136353735323734383265316235343032616265313765386336366635613265636339656363366165613736636239333838316666646665326435353039366238633933643762333331333432383738306239393636383930396531322b79573452436a453733316f5659766b674e614179656a2f7447483461583848715435457767614b6c6f614333364769624166442b2f416c3869317369457456454c7348792f6b574b797a506f563376494465555233797163666c65624e7964506f746a72484a74514d4344436c344c52464d766c554f3645645a2b31375076223b636172745f636f6e74656e74737c613a333a7b733a31303a22636172745f746f74616c223b643a3435303030303b733a31313a22746f74616c5f6974656d73223b643a353b733a33323a223633363464336630663439356236616239646366386433623563366530623031223b613a363a7b733a323a226964223b733a323a223332223b733a333a22717479223b643a353b733a353a227072696365223b643a39303030303b733a343a226e616d65223b733a31353a2242414b534f20544148552053415049223b733a353a22726f776964223b733a33323a223633363464336630663439356236616239646366386433623563366530623031223b733a383a22737562746f74616c223b643a3435303030303b7d7d),
('960d41rh2ke14606frgp5ik2jac7pv5h', '::1', 1691391611, 0x5f5f63695f6c6173745f726567656e65726174657c693a313639313339313631313b7265646972656374696f6e7c4e3b5f5f4143544956455f53455353494f4e5f444154417c733a3235363a2262396463383530313034313231346565313739396236326634653063386237646564356136353735323734383265316235343032616265313765386336366635613265636339656363366165613736636239333838316666646665326435353039366238633933643762333331333432383738306239393636383930396531322b79573452436a453733316f5659766b674e614179656a2f7447483461583848715435457767614b6c6f614333364769624166442b2f416c3869317369457456454c7348792f6b574b797a506f563376494465555233797163666c65624e7964506f746a72484a74514d4344436c344c52464d766c554f3645645a2b31375076223b636172745f636f6e74656e74737c613a333a7b733a31303a22636172745f746f74616c223b643a3435303030303b733a31313a22746f74616c5f6974656d73223b643a353b733a33323a223633363464336630663439356236616239646366386433623563366530623031223b613a363a7b733a323a226964223b733a323a223332223b733a333a22717479223b643a353b733a353a227072696365223b643a39303030303b733a343a226e616d65223b733a31353a2242414b534f20544148552053415049223b733a353a22726f776964223b733a33323a223633363464336630663439356236616239646366386433623563366530623031223b733a383a22737562746f74616c223b643a3435303030303b7d7d),
('ee3thd6vauc2evtlgq1oi36bdfichlc9', '::1', 1691391956, 0x5f5f63695f6c6173745f726567656e65726174657c693a313639313339313935363b7265646972656374696f6e7c4e3b5f5f4143544956455f53455353494f4e5f444154417c733a3235363a2262396463383530313034313231346565313739396236326634653063386237646564356136353735323734383265316235343032616265313765386336366635613265636339656363366165613736636239333838316666646665326435353039366238633933643762333331333432383738306239393636383930396531322b79573452436a453733316f5659766b674e614179656a2f7447483461583848715435457767614b6c6f614333364769624166442b2f416c3869317369457456454c7348792f6b574b797a506f563376494465555233797163666c65624e7964506f746a72484a74514d4344436c344c52464d766c554f3645645a2b31375076223b636172745f636f6e74656e74737c613a333a7b733a31303a22636172745f746f74616c223b643a3435303030303b733a31313a22746f74616c5f6974656d73223b643a353b733a33323a223633363464336630663439356236616239646366386433623563366530623031223b613a363a7b733a323a226964223b733a323a223332223b733a333a22717479223b643a353b733a353a227072696365223b643a39303030303b733a343a226e616d65223b733a31353a2242414b534f20544148552053415049223b733a353a22726f776964223b733a33323a223633363464336630663439356236616239646366386433623563366530623031223b733a383a22737562746f74616c223b643a3435303030303b7d7d),
('tvn62jkilpr4ki95e04pfjftfac2klfe', '::1', 1691392278, 0x5f5f63695f6c6173745f726567656e65726174657c693a313639313339323237383b7265646972656374696f6e7c4e3b5f5f4143544956455f53455353494f4e5f444154417c733a3235363a2262396463383530313034313231346565313739396236326634653063386237646564356136353735323734383265316235343032616265313765386336366635613265636339656363366165613736636239333838316666646665326435353039366238633933643762333331333432383738306239393636383930396531322b79573452436a453733316f5659766b674e614179656a2f7447483461583848715435457767614b6c6f614333364769624166442b2f416c3869317369457456454c7348792f6b574b797a506f563376494465555233797163666c65624e7964506f746a72484a74514d4344436c344c52464d766c554f3645645a2b31375076223b636172745f636f6e74656e74737c613a333a7b733a31303a22636172745f746f74616c223b643a3435303030303b733a31313a22746f74616c5f6974656d73223b643a353b733a33323a223633363464336630663439356236616239646366386433623563366530623031223b613a363a7b733a323a226964223b733a323a223332223b733a333a22717479223b643a353b733a353a227072696365223b643a39303030303b733a343a226e616d65223b733a31353a2242414b534f20544148552053415049223b733a353a22726f776964223b733a33323a223633363464336630663439356236616239646366386433623563366530623031223b733a383a22737562746f74616c223b643a3435303030303b7d7d),
('puemo7m34tvcf98dianejuhhlq5snrmm', '::1', 1691392723, 0x5f5f63695f6c6173745f726567656e65726174657c693a313639313339323732333b7265646972656374696f6e7c4e3b5f5f4143544956455f53455353494f4e5f444154417c733a3235363a2262396463383530313034313231346565313739396236326634653063386237646564356136353735323734383265316235343032616265313765386336366635613265636339656363366165613736636239333838316666646665326435353039366238633933643762333331333432383738306239393636383930396531322b79573452436a453733316f5659766b674e614179656a2f7447483461583848715435457767614b6c6f614333364769624166442b2f416c3869317369457456454c7348792f6b574b797a506f563376494465555233797163666c65624e7964506f746a72484a74514d4344436c344c52464d766c554f3645645a2b31375076223b636172745f636f6e74656e74737c613a353a7b733a31303a22636172745f746f74616c223b643a3735353530303b733a31313a22746f74616c5f6974656d73223b643a31303b733a33323a223633363464336630663439356236616239646366386433623563366530623031223b613a363a7b733a323a226964223b733a323a223332223b733a333a22717479223b643a383b733a353a227072696365223b643a39303030303b733a343a226e616d65223b733a31353a2242414b534f20544148552053415049223b733a353a22726f776964223b733a33323a223633363464336630663439356236616239646366386433623563366530623031223b733a383a22737562746f74616c223b643a3732303030303b7d733a33323a226135626663396530373936346638646464656239356663353834636439363564223b613a363a7b733a323a226964223b733a323a223337223b733a333a22717479223b643a313b733a353a227072696365223b643a31383530303b733a343a226e616d65223b733a393a224d4945205355504552223b733a353a22726f776964223b733a33323a226135626663396530373936346638646464656239356663353834636439363564223b733a383a22737562746f74616c223b643a31383530303b7d733a33323a223139636131346537656136333238613432653065623133643538356534633232223b613a363a7b733a323a226964223b733a323a223336223b733a333a22717479223b643a313b733a353a227072696365223b643a31373030303b733a343a226e616d65223b733a31313a224d4945205350455349414c223b733a353a22726f776964223b733a33323a223139636131346537656136333238613432653065623133643538356534633232223b733a383a22737562746f74616c223b643a31373030303b7d7d),
('fbrs7ognu479mgmtq6a0k0pkjgmopv50', '::1', 1691393032, 0x5f5f63695f6c6173745f726567656e65726174657c693a313639313339333033323b7265646972656374696f6e7c4e3b5f5f4143544956455f53455353494f4e5f444154417c733a3235363a2262396463383530313034313231346565313739396236326634653063386237646564356136353735323734383265316235343032616265313765386336366635613265636339656363366165613736636239333838316666646665326435353039366238633933643762333331333432383738306239393636383930396531322b79573452436a453733316f5659766b674e614179656a2f7447483461583848715435457767614b6c6f614333364769624166442b2f416c3869317369457456454c7348792f6b574b797a506f563376494465555233797163666c65624e7964506f746a72484a74514d4344436c344c52464d766c554f3645645a2b31375076223b636172745f636f6e74656e74737c613a353a7b733a31303a22636172745f746f74616c223b643a3735353530303b733a31313a22746f74616c5f6974656d73223b643a31303b733a33323a223633363464336630663439356236616239646366386433623563366530623031223b613a363a7b733a323a226964223b733a323a223332223b733a333a22717479223b643a383b733a353a227072696365223b643a39303030303b733a343a226e616d65223b733a31353a2242414b534f20544148552053415049223b733a353a22726f776964223b733a33323a223633363464336630663439356236616239646366386433623563366530623031223b733a383a22737562746f74616c223b643a3732303030303b7d733a33323a226135626663396530373936346638646464656239356663353834636439363564223b613a363a7b733a323a226964223b733a323a223337223b733a333a22717479223b643a313b733a353a227072696365223b643a31383530303b733a343a226e616d65223b733a393a224d4945205355504552223b733a353a22726f776964223b733a33323a226135626663396530373936346638646464656239356663353834636439363564223b733a383a22737562746f74616c223b643a31383530303b7d733a33323a223139636131346537656136333238613432653065623133643538356534633232223b613a363a7b733a323a226964223b733a323a223336223b733a333a22717479223b643a313b733a353a227072696365223b643a31373030303b733a343a226e616d65223b733a31313a224d4945205350455349414c223b733a353a22726f776964223b733a33323a223139636131346537656136333238613432653065623133643538356534633232223b733a383a22737562746f74616c223b643a31373030303b7d7d6f726465725f7175616e746974797c613a333a7b693a33323b613a323a7b733a333a22717479223b643a383b733a353a227072696365223b643a39303030303b7d693a33373b613a323a7b733a333a22717479223b643a313b733a353a227072696365223b643a31383530303b7d693a33363b613a323a7b733a333a22717479223b643a313b733a353a227072696365223b643a31373030303b7d7d746f74616c5f70726963657c643a3736303530303b),
('kcog6ser32aertmmlfu9dlc4qj6j1er1', '::1', 1691393651, 0x5f5f63695f6c6173745f726567656e65726174657c693a313639313339333635313b7265646972656374696f6e7c4e3b5f5f4143544956455f53455353494f4e5f444154417c733a3235363a2262396463383530313034313231346565313739396236326634653063386237646564356136353735323734383265316235343032616265313765386336366635613265636339656363366165613736636239333838316666646665326435353039366238633933643762333331333432383738306239393636383930396531322b79573452436a453733316f5659766b674e614179656a2f7447483461583848715435457767614b6c6f614333364769624166442b2f416c3869317369457456454c7348792f6b574b797a506f563376494465555233797163666c65624e7964506f746a72484a74514d4344436c344c52464d766c554f3645645a2b31375076223b6f726465725f666c6173687c733a32363a224f7264657220626572686173696c20646974616d6261686b616e223b5f5f63695f766172737c613a313a7b733a31313a226f726465725f666c617368223b733a333a226f6c64223b7d),
('84isgdrq2r4fno1mral778oqdl6t3mms', '::1', 1691394176, 0x5f5f63695f6c6173745f726567656e65726174657c693a313639313339343137363b7265646972656374696f6e7c4e3b5f5f4143544956455f53455353494f4e5f444154417c733a3235363a2262396463383530313034313231346565313739396236326634653063386237646564356136353735323734383265316235343032616265313765386336366635613265636339656363366165613736636239333838316666646665326435353039366238633933643762333331333432383738306239393636383930396531322b79573452436a453733316f5659766b674e614179656a2f7447483461583848715435457767614b6c6f614333364769624166442b2f416c3869317369457456454c7348792f6b574b797a506f563376494465555233797163666c65624e7964506f746a72484a74514d4344436c344c52464d766c554f3645645a2b31375076223b6f726465725f666c6173687c733a32363a224f7264657220626572686173696c20646974616d6261686b616e223b5f5f63695f766172737c613a313a7b733a31313a226f726465725f666c617368223b733a333a226f6c64223b7d),
('haas2tri0v8da0rd6okcaufqgo4abbq2', '::1', 1691394480, 0x5f5f63695f6c6173745f726567656e65726174657c693a313639313339343438303b7265646972656374696f6e7c4e3b5f5f4143544956455f53455353494f4e5f444154417c733a3235363a2262396463383530313034313231346565313739396236326634653063386237646564356136353735323734383265316235343032616265313765386336366635613265636339656363366165613736636239333838316666646665326435353039366238633933643762333331333432383738306239393636383930396531322b79573452436a453733316f5659766b674e614179656a2f7447483461583848715435457767614b6c6f614333364769624166442b2f416c3869317369457456454c7348792f6b574b797a506f563376494465555233797163666c65624e7964506f746a72484a74514d4344436c344c52464d766c554f3645645a2b31375076223b6f726465725f666c6173687c733a32363a224f7264657220626572686173696c20646974616d6261686b616e223b5f5f63695f766172737c613a313a7b733a31313a226f726465725f666c617368223b733a333a226f6c64223b7d636172745f636f6e74656e74737c613a343a7b733a31303a22636172745f746f74616c223b643a3131303030303b733a31313a22746f74616c5f6974656d73223b643a353b733a33323a226331366135333230666134373535333064393538336333346664333536656635223b613a363a7b733a323a226964223b733a323a223331223b733a333a22717479223b643a313b733a353a227072696365223b643a35303030303b733a343a226e616d65223b733a31303a2242414b534f204159414d223b733a353a22726f776964223b733a33323a226331366135333230666134373535333064393538336333346664333536656635223b733a383a22737562746f74616c223b643a35303030303b7d733a33323a223334313661373566346365613931303935303763616364386532663261656663223b613a363a7b733a323a226964223b733a323a223431223b733a333a22717479223b643a343b733a353a227072696365223b643a31353030303b733a343a226e616d65223b733a31353a2247554c41204152454e2053454d5554223b733a353a22726f776964223b733a33323a223334313661373566346365613931303935303763616364386532663261656663223b733a383a22737562746f74616c223b643a36303030303b7d7d6f726465725f7175616e746974797c613a323a7b693a33313b613a323a7b733a333a22717479223b643a313b733a353a227072696365223b643a35303030303b7d693a34313b613a323a7b733a333a22717479223b643a343b733a353a227072696365223b643a31353030303b7d7d746f74616c5f70726963657c643a3131353030303b),
('tlts1eeh7juiouckhunkj84sspjiamht', '::1', 1691395413, 0x5f5f63695f6c6173745f726567656e65726174657c693a313639313339353431333b7265646972656374696f6e7c4e3b5f5f4143544956455f53455353494f4e5f444154417c733a3235363a2262396463383530313034313231346565313739396236326634653063386237646564356136353735323734383265316235343032616265313765386336366635613265636339656363366165613736636239333838316666646665326435353039366238633933643762333331333432383738306239393636383930396531322b79573452436a453733316f5659766b674e614179656a2f7447483461583848715435457767614b6c6f614333364769624166442b2f416c3869317369457456454c7348792f6b574b797a506f563376494465555233797163666c65624e7964506f746a72484a74514d4344436c344c52464d766c554f3645645a2b31375076223b6f726465725f666c6173687c733a32363a224f7264657220626572686173696c20646974616d6261686b616e223b5f5f63695f766172737c613a313a7b733a31313a226f726465725f666c617368223b733a333a226f6c64223b7d636172745f636f6e74656e74737c613a353a7b733a31303a22636172745f746f74616c223b643a3734303030303b733a31313a22746f74616c5f6974656d73223b643a31323b733a33323a226331366135333230666134373535333064393538336333346664333536656635223b613a363a7b733a323a226964223b733a323a223331223b733a333a22717479223b643a313b733a353a227072696365223b643a35303030303b733a343a226e616d65223b733a31303a2242414b534f204159414d223b733a353a22726f776964223b733a33323a226331366135333230666134373535333064393538336333346664333536656635223b733a383a22737562746f74616c223b643a35303030303b7d733a33323a223334313661373566346365613931303935303763616364386532663261656663223b613a363a7b733a323a226964223b733a323a223431223b733a333a22717479223b643a343b733a353a227072696365223b643a31353030303b733a343a226e616d65223b733a31353a2247554c41204152454e2053454d5554223b733a353a22726f776964223b733a33323a223334313661373566346365613931303935303763616364386532663261656663223b733a383a22737562746f74616c223b643a36303030303b7d733a33323a223633363464336630663439356236616239646366386433623563366530623031223b613a363a7b733a323a226964223b733a323a223332223b733a333a22717479223b643a373b733a353a227072696365223b643a39303030303b733a343a226e616d65223b733a31353a2242414b534f20544148552053415049223b733a353a22726f776964223b733a33323a223633363464336630663439356236616239646366386433623563366530623031223b733a383a22737562746f74616c223b643a3633303030303b7d7d6f726465725f7175616e746974797c613a323a7b693a33313b613a323a7b733a333a22717479223b643a313b733a353a227072696365223b643a35303030303b7d693a34313b613a323a7b733a333a22717479223b643a343b733a353a227072696365223b643a31353030303b7d7d746f74616c5f70726963657c643a3131353030303b),
('rr06rm6op8t4qco4g426k65ao9pnkcjs', '::1', 1691395986, 0x5f5f63695f6c6173745f726567656e65726174657c693a313639313339353938363b7265646972656374696f6e7c4e3b5f5f4143544956455f53455353494f4e5f444154417c733a3235363a2262396463383530313034313231346565313739396236326634653063386237646564356136353735323734383265316235343032616265313765386336366635613265636339656363366165613736636239333838316666646665326435353039366238633933643762333331333432383738306239393636383930396531322b79573452436a453733316f5659766b674e614179656a2f7447483461583848715435457767614b6c6f614333364769624166442b2f416c3869317369457456454c7348792f6b574b797a506f563376494465555233797163666c65624e7964506f746a72484a74514d4344436c344c52464d766c554f3645645a2b31375076223b6f726465725f666c6173687c733a32363a224f7264657220626572686173696c20646974616d6261686b616e223b5f5f63695f766172737c613a313a7b733a31313a226f726465725f666c617368223b733a333a226f6c64223b7d636172745f636f6e74656e74737c613a353a7b733a31303a22636172745f746f74616c223b643a3734303030303b733a31313a22746f74616c5f6974656d73223b643a31323b733a33323a226331366135333230666134373535333064393538336333346664333536656635223b613a363a7b733a323a226964223b733a323a223331223b733a333a22717479223b643a313b733a353a227072696365223b643a35303030303b733a343a226e616d65223b733a31303a2242414b534f204159414d223b733a353a22726f776964223b733a33323a226331366135333230666134373535333064393538336333346664333536656635223b733a383a22737562746f74616c223b643a35303030303b7d733a33323a223334313661373566346365613931303935303763616364386532663261656663223b613a363a7b733a323a226964223b733a323a223431223b733a333a22717479223b643a343b733a353a227072696365223b643a31353030303b733a343a226e616d65223b733a31353a2247554c41204152454e2053454d5554223b733a353a22726f776964223b733a33323a223334313661373566346365613931303935303763616364386532663261656663223b733a383a22737562746f74616c223b643a36303030303b7d733a33323a223633363464336630663439356236616239646366386433623563366530623031223b613a363a7b733a323a226964223b733a323a223332223b733a333a22717479223b643a373b733a353a227072696365223b643a39303030303b733a343a226e616d65223b733a31353a2242414b534f20544148552053415049223b733a353a22726f776964223b733a33323a223633363464336630663439356236616239646366386433623563366530623031223b733a383a22737562746f74616c223b643a3633303030303b7d7d6f726465725f7175616e746974797c613a323a7b693a33313b613a323a7b733a333a22717479223b643a313b733a353a227072696365223b643a35303030303b7d693a34313b613a323a7b733a333a22717479223b643a343b733a353a227072696365223b643a31353030303b7d7d746f74616c5f70726963657c643a3131353030303b),
('5v3t6qg9pkn9i50bhmsu5vbft238a945', '::1', 1691396290, 0x5f5f63695f6c6173745f726567656e65726174657c693a313639313339363239303b7265646972656374696f6e7c4e3b5f5f4143544956455f53455353494f4e5f444154417c733a3235363a2262396463383530313034313231346565313739396236326634653063386237646564356136353735323734383265316235343032616265313765386336366635613265636339656363366165613736636239333838316666646665326435353039366238633933643762333331333432383738306239393636383930396531322b79573452436a453733316f5659766b674e614179656a2f7447483461583848715435457767614b6c6f614333364769624166442b2f416c3869317369457456454c7348792f6b574b797a506f563376494465555233797163666c65624e7964506f746a72484a74514d4344436c344c52464d766c554f3645645a2b31375076223b6f726465725f666c6173687c733a32363a224f7264657220626572686173696c20646974616d6261686b616e223b5f5f63695f766172737c613a323a7b733a31313a226f726465725f666c617368223b733a333a226f6c64223b733a373a2270726f66696c65223b733a333a226f6c64223b7d636172745f636f6e74656e74737c613a353a7b733a31303a22636172745f746f74616c223b643a3734303030303b733a31313a22746f74616c5f6974656d73223b643a31323b733a33323a226331366135333230666134373535333064393538336333346664333536656635223b613a363a7b733a323a226964223b733a323a223331223b733a333a22717479223b643a313b733a353a227072696365223b643a35303030303b733a343a226e616d65223b733a31303a2242414b534f204159414d223b733a353a22726f776964223b733a33323a226331366135333230666134373535333064393538336333346664333536656635223b733a383a22737562746f74616c223b643a35303030303b7d733a33323a223334313661373566346365613931303935303763616364386532663261656663223b613a363a7b733a323a226964223b733a323a223431223b733a333a22717479223b643a343b733a353a227072696365223b643a31353030303b733a343a226e616d65223b733a31353a2247554c41204152454e2053454d5554223b733a353a22726f776964223b733a33323a223334313661373566346365613931303935303763616364386532663261656663223b733a383a22737562746f74616c223b643a36303030303b7d733a33323a223633363464336630663439356236616239646366386433623563366530623031223b613a363a7b733a323a226964223b733a323a223332223b733a333a22717479223b643a373b733a353a227072696365223b643a39303030303b733a343a226e616d65223b733a31353a2242414b534f20544148552053415049223b733a353a22726f776964223b733a33323a223633363464336630663439356236616239646366386433623563366530623031223b733a383a22737562746f74616c223b643a3633303030303b7d7d6f726465725f7175616e746974797c613a323a7b693a33313b613a323a7b733a333a22717479223b643a313b733a353a227072696365223b643a35303030303b7d693a34313b613a323a7b733a333a22717479223b643a343b733a353a227072696365223b643a31353030303b7d7d746f74616c5f70726963657c643a3131353030303b70726f66696c657c733a32373a2250726f66696c20626572686173696c206469706572626172756921223b),
('n41s61vfbklce8tvubgcg7rtqbf1cdsv', '::1', 1691396827, 0x5f5f63695f6c6173745f726567656e65726174657c693a313639313339363832373b7265646972656374696f6e7c4e3b6f726465725f666c6173687c733a32363a224f7264657220626572686173696c20646974616d6261686b616e223b5f5f63695f766172737c613a333a7b733a31313a226f726465725f666c617368223b733a333a226f6c64223b733a373a2270726f66696c65223b733a333a226f6c64223b733a31313a226c6f67696e5f666c617368223b733a333a226f6c64223b7d636172745f636f6e74656e74737c613a353a7b733a31303a22636172745f746f74616c223b643a3734303030303b733a31313a22746f74616c5f6974656d73223b643a31323b733a33323a226331366135333230666134373535333064393538336333346664333536656635223b613a363a7b733a323a226964223b733a323a223331223b733a333a22717479223b643a313b733a353a227072696365223b643a35303030303b733a343a226e616d65223b733a31303a2242414b534f204159414d223b733a353a22726f776964223b733a33323a226331366135333230666134373535333064393538336333346664333536656635223b733a383a22737562746f74616c223b643a35303030303b7d733a33323a223334313661373566346365613931303935303763616364386532663261656663223b613a363a7b733a323a226964223b733a323a223431223b733a333a22717479223b643a343b733a353a227072696365223b643a31353030303b733a343a226e616d65223b733a31353a2247554c41204152454e2053454d5554223b733a353a22726f776964223b733a33323a223334313661373566346365613931303935303763616364386532663261656663223b733a383a22737562746f74616c223b643a36303030303b7d733a33323a223633363464336630663439356236616239646366386433623563366530623031223b613a363a7b733a323a226964223b733a323a223332223b733a333a22717479223b643a373b733a353a227072696365223b643a39303030303b733a343a226e616d65223b733a31353a2242414b534f20544148552053415049223b733a353a22726f776964223b733a33323a223633363464336630663439356236616239646366386433623563366530623031223b733a383a22737562746f74616c223b643a3633303030303b7d7d6f726465725f7175616e746974797c613a323a7b693a33313b613a323a7b733a333a22717479223b643a313b733a353a227072696365223b643a35303030303b7d693a34313b613a323a7b733a333a22717479223b643a343b733a353a227072696365223b643a31353030303b7d7d746f74616c5f70726963657c643a3131353030303b70726f66696c657c733a32373a2250726f66696c20626572686173696c206469706572626172756921223b6c6f67696e5f666c6173687c733a31363a22426572686173696c206c6f676f757421223b5f5f4143544956455f53455353494f4e5f444154417c733a3235363a22396332383832356530363836313934633362636233653438666162646461633930653039636234643532333537383264313563323462386531613364646334313335346135636338376666643639326136353364333362663136653834613166306335386333623532396234366538326138343234653938313465306366623848533954317634435165777179454e73477a524d2f6a417454366d4f4a7051634869656657485743416f79586875465663756d63435035634d6535697a5675535262327451357356774d6e74416d69515963456d45336f345a41632b6863767964337a59696c776e4c4c334538764f343176305943526b6d6a6b757430776d58223b),
('5vs848hed0miq29n1fioebapms5n75r7', '::1', 1691397395, 0x5f5f63695f6c6173745f726567656e65726174657c693a313639313339373339353b7265646972656374696f6e7c4e3b6f726465725f666c6173687c733a32363a224f7264657220626572686173696c20646974616d6261686b616e223b5f5f63695f766172737c613a333a7b733a31313a226f726465725f666c617368223b733a333a226f6c64223b733a373a2270726f66696c65223b733a333a226f6c64223b733a31313a226c6f67696e5f666c617368223b733a333a226f6c64223b7d636172745f636f6e74656e74737c613a353a7b733a31303a22636172745f746f74616c223b643a3734303030303b733a31313a22746f74616c5f6974656d73223b643a31323b733a33323a226331366135333230666134373535333064393538336333346664333536656635223b613a363a7b733a323a226964223b733a323a223331223b733a333a22717479223b643a313b733a353a227072696365223b643a35303030303b733a343a226e616d65223b733a31303a2242414b534f204159414d223b733a353a22726f776964223b733a33323a226331366135333230666134373535333064393538336333346664333536656635223b733a383a22737562746f74616c223b643a35303030303b7d733a33323a223334313661373566346365613931303935303763616364386532663261656663223b613a363a7b733a323a226964223b733a323a223431223b733a333a22717479223b643a343b733a353a227072696365223b643a31353030303b733a343a226e616d65223b733a31353a2247554c41204152454e2053454d5554223b733a353a22726f776964223b733a33323a223334313661373566346365613931303935303763616364386532663261656663223b733a383a22737562746f74616c223b643a36303030303b7d733a33323a223633363464336630663439356236616239646366386433623563366530623031223b613a363a7b733a323a226964223b733a323a223332223b733a333a22717479223b643a373b733a353a227072696365223b643a39303030303b733a343a226e616d65223b733a31353a2242414b534f20544148552053415049223b733a353a22726f776964223b733a33323a223633363464336630663439356236616239646366386433623563366530623031223b733a383a22737562746f74616c223b643a3633303030303b7d7d6f726465725f7175616e746974797c613a323a7b693a33313b613a323a7b733a333a22717479223b643a313b733a353a227072696365223b643a35303030303b7d693a34313b613a323a7b733a333a22717479223b643a343b733a353a227072696365223b643a31353030303b7d7d746f74616c5f70726963657c643a3131353030303b70726f66696c657c733a32373a2250726f66696c20626572686173696c206469706572626172756921223b6c6f67696e5f666c6173687c733a31363a22426572686173696c206c6f676f757421223b5f5f4143544956455f53455353494f4e5f444154417c733a3235363a22396332383832356530363836313934633362636233653438666162646461633930653039636234643532333537383264313563323462386531613364646334313335346135636338376666643639326136353364333362663136653834613166306335386333623532396234366538326138343234653938313465306366623848533954317634435165777179454e73477a524d2f6a417454366d4f4a7051634869656657485743416f79586875465663756d63435035634d6535697a5675535262327451357356774d6e74416d69515963456d45336f345a41632b6863767964337a59696c776e4c4c334538764f343176305943526b6d6a6b757430776d58223b),
('517rqgcj9jcruuo3ck032mj9scimrg71', '::1', 1691397801, 0x5f5f63695f6c6173745f726567656e65726174657c693a313639313339373830313b7265646972656374696f6e7c4e3b6f726465725f666c6173687c733a32363a224f7264657220626572686173696c20646974616d6261686b616e223b5f5f63695f766172737c613a333a7b733a31313a226f726465725f666c617368223b733a333a226f6c64223b733a373a2270726f66696c65223b733a333a226f6c64223b733a31313a226c6f67696e5f666c617368223b733a333a226f6c64223b7d636172745f636f6e74656e74737c613a353a7b733a31303a22636172745f746f74616c223b643a3734303030303b733a31313a22746f74616c5f6974656d73223b643a31323b733a33323a226331366135333230666134373535333064393538336333346664333536656635223b613a363a7b733a323a226964223b733a323a223331223b733a333a22717479223b643a313b733a353a227072696365223b643a35303030303b733a343a226e616d65223b733a31303a2242414b534f204159414d223b733a353a22726f776964223b733a33323a226331366135333230666134373535333064393538336333346664333536656635223b733a383a22737562746f74616c223b643a35303030303b7d733a33323a223334313661373566346365613931303935303763616364386532663261656663223b613a363a7b733a323a226964223b733a323a223431223b733a333a22717479223b643a343b733a353a227072696365223b643a31353030303b733a343a226e616d65223b733a31353a2247554c41204152454e2053454d5554223b733a353a22726f776964223b733a33323a223334313661373566346365613931303935303763616364386532663261656663223b733a383a22737562746f74616c223b643a36303030303b7d733a33323a223633363464336630663439356236616239646366386433623563366530623031223b613a363a7b733a323a226964223b733a323a223332223b733a333a22717479223b643a373b733a353a227072696365223b643a39303030303b733a343a226e616d65223b733a31353a2242414b534f20544148552053415049223b733a353a22726f776964223b733a33323a223633363464336630663439356236616239646366386433623563366530623031223b733a383a22737562746f74616c223b643a3633303030303b7d7d6f726465725f7175616e746974797c613a323a7b693a33313b613a323a7b733a333a22717479223b643a313b733a353a227072696365223b643a35303030303b7d693a34313b613a323a7b733a333a22717479223b643a343b733a353a227072696365223b643a31353030303b7d7d746f74616c5f70726963657c643a3131353030303b70726f66696c657c733a32373a2250726f66696c20626572686173696c206469706572626172756921223b6c6f67696e5f666c6173687c733a31363a22426572686173696c206c6f676f757421223b5f5f4143544956455f53455353494f4e5f444154417c733a3235363a22396332383832356530363836313934633362636233653438666162646461633930653039636234643532333537383264313563323462386531613364646334313335346135636338376666643639326136353364333362663136653834613166306335386333623532396234366538326138343234653938313465306366623848533954317634435165777179454e73477a524d2f6a417454366d4f4a7051634869656657485743416f79586875465663756d63435035634d6535697a5675535262327451357356774d6e74416d69515963456d45336f345a41632b6863767964337a59696c776e4c4c334538764f343176305943526b6d6a6b757430776d58223b),
('ecirvba2cddists91k47672cmq3qgafk', '::1', 1691398313, 0x5f5f63695f6c6173745f726567656e65726174657c693a313639313339383331333b7265646972656374696f6e7c4e3b6f726465725f666c6173687c733a32363a224f7264657220626572686173696c20646974616d6261686b616e223b5f5f63695f766172737c613a333a7b733a31313a226f726465725f666c617368223b733a333a226f6c64223b733a373a2270726f66696c65223b733a333a226f6c64223b733a31313a226c6f67696e5f666c617368223b733a333a226f6c64223b7d636172745f636f6e74656e74737c613a353a7b733a31303a22636172745f746f74616c223b643a3734303030303b733a31313a22746f74616c5f6974656d73223b643a31323b733a33323a226331366135333230666134373535333064393538336333346664333536656635223b613a363a7b733a323a226964223b733a323a223331223b733a333a22717479223b643a313b733a353a227072696365223b643a35303030303b733a343a226e616d65223b733a31303a2242414b534f204159414d223b733a353a22726f776964223b733a33323a226331366135333230666134373535333064393538336333346664333536656635223b733a383a22737562746f74616c223b643a35303030303b7d733a33323a223334313661373566346365613931303935303763616364386532663261656663223b613a363a7b733a323a226964223b733a323a223431223b733a333a22717479223b643a343b733a353a227072696365223b643a31353030303b733a343a226e616d65223b733a31353a2247554c41204152454e2053454d5554223b733a353a22726f776964223b733a33323a223334313661373566346365613931303935303763616364386532663261656663223b733a383a22737562746f74616c223b643a36303030303b7d733a33323a223633363464336630663439356236616239646366386433623563366530623031223b613a363a7b733a323a226964223b733a323a223332223b733a333a22717479223b643a373b733a353a227072696365223b643a39303030303b733a343a226e616d65223b733a31353a2242414b534f20544148552053415049223b733a353a22726f776964223b733a33323a223633363464336630663439356236616239646366386433623563366530623031223b733a383a22737562746f74616c223b643a3633303030303b7d7d6f726465725f7175616e746974797c613a323a7b693a33313b613a323a7b733a333a22717479223b643a313b733a353a227072696365223b643a35303030303b7d693a34313b613a323a7b733a333a22717479223b643a343b733a353a227072696365223b643a31353030303b7d7d746f74616c5f70726963657c643a3131353030303b70726f66696c657c733a32373a2250726f66696c20626572686173696c206469706572626172756921223b6c6f67696e5f666c6173687c733a31363a22426572686173696c206c6f676f757421223b5f5f4143544956455f53455353494f4e5f444154417c733a3235363a22396332383832356530363836313934633362636233653438666162646461633930653039636234643532333537383264313563323462386531613364646334313335346135636338376666643639326136353364333362663136653834613166306335386333623532396234366538326138343234653938313465306366623848533954317634435165777179454e73477a524d2f6a417454366d4f4a7051634869656657485743416f79586875465663756d63435035634d6535697a5675535262327451357356774d6e74416d69515963456d45336f345a41632b6863767964337a59696c776e4c4c334538764f343176305943526b6d6a6b757430776d58223b),
('vsddo2jg8ev96gtqmpegjh8tbb8phmjl', '::1', 1691398446, 0x5f5f63695f6c6173745f726567656e65726174657c693a313639313339383331333b7265646972656374696f6e7c4e3b6f726465725f666c6173687c733a32363a224f7264657220626572686173696c20646974616d6261686b616e223b5f5f63695f766172737c613a333a7b733a31313a226f726465725f666c617368223b733a333a226f6c64223b733a373a2270726f66696c65223b733a333a226f6c64223b733a31313a226c6f67696e5f666c617368223b733a333a226f6c64223b7d636172745f636f6e74656e74737c613a353a7b733a31303a22636172745f746f74616c223b643a3734303030303b733a31313a22746f74616c5f6974656d73223b643a31323b733a33323a226331366135333230666134373535333064393538336333346664333536656635223b613a363a7b733a323a226964223b733a323a223331223b733a333a22717479223b643a313b733a353a227072696365223b643a35303030303b733a343a226e616d65223b733a31303a2242414b534f204159414d223b733a353a22726f776964223b733a33323a226331366135333230666134373535333064393538336333346664333536656635223b733a383a22737562746f74616c223b643a35303030303b7d733a33323a223334313661373566346365613931303935303763616364386532663261656663223b613a363a7b733a323a226964223b733a323a223431223b733a333a22717479223b643a343b733a353a227072696365223b643a31353030303b733a343a226e616d65223b733a31353a2247554c41204152454e2053454d5554223b733a353a22726f776964223b733a33323a223334313661373566346365613931303935303763616364386532663261656663223b733a383a22737562746f74616c223b643a36303030303b7d733a33323a223633363464336630663439356236616239646366386433623563366530623031223b613a363a7b733a323a226964223b733a323a223332223b733a333a22717479223b643a373b733a353a227072696365223b643a39303030303b733a343a226e616d65223b733a31353a2242414b534f20544148552053415049223b733a353a22726f776964223b733a33323a223633363464336630663439356236616239646366386433623563366530623031223b733a383a22737562746f74616c223b643a3633303030303b7d7d6f726465725f7175616e746974797c613a323a7b693a33313b613a323a7b733a333a22717479223b643a313b733a353a227072696365223b643a35303030303b7d693a34313b613a323a7b733a333a22717479223b643a343b733a353a227072696365223b643a31353030303b7d7d746f74616c5f70726963657c643a3131353030303b70726f66696c657c733a32373a2250726f66696c20626572686173696c206469706572626172756921223b6c6f67696e5f666c6173687c733a31363a22426572686173696c206c6f676f757421223b5f5f4143544956455f53455353494f4e5f444154417c733a3235363a22396332383832356530363836313934633362636233653438666162646461633930653039636234643532333537383264313563323462386531613364646334313335346135636338376666643639326136353364333362663136653834613166306335386333623532396234366538326138343234653938313465306366623848533954317634435165777179454e73477a524d2f6a417454366d4f4a7051634869656657485743416f79586875465663756d63435035634d6535697a5675535262327451357356774d6e74416d69515963456d45336f345a41632b6863767964337a59696c776e4c4c334538764f343176305943526b6d6a6b757430776d58223b),
('qmdahl6jhm2ecp2mrn4b2tru460qj7g8', '::1', 1691399472, 0x5f5f63695f6c6173745f726567656e65726174657c693a313639313339393437323b5f5f4143544956455f53455353494f4e5f444154417c733a3235363a2235373733356630303133623461393835623533663466313661363665363532333630666366656665636161653631333438326534356332616636393634383731346365376635353738616232653632376661633562643036656635646435613964303931383233353434376164373835303736623865303835666231613461352f776b7744724b756c516864745664483932624b2f6150506b2f2f5567346c767947414b5a5757334f62522b4e4b356f65494c683338654d3056716f476677336f7947556d4641724246797a52525267396c323563617a56445448396f32487a43642b574a4257744f39624d394453432f336d7a5549432f7a2f68794c667662223b70726f66696c657c733a32373a2250726f66696c20626572686173696c206469706572626172756921223b5f5f63695f766172737c613a313a7b733a373a2270726f66696c65223b733a333a226f6c64223b7d),
('4a4mbaon1avi82hmvv190agassjg9jb3', '::1', 1691400137, 0x5f5f63695f6c6173745f726567656e65726174657c693a313639313430303133373b5f5f4143544956455f53455353494f4e5f444154417c733a3235363a2235373733356630303133623461393835623533663466313661363665363532333630666366656665636161653631333438326534356332616636393634383731346365376635353738616232653632376661633562643036656635646435613964303931383233353434376164373835303736623865303835666231613461352f776b7744724b756c516864745664483932624b2f6150506b2f2f5567346c767947414b5a5757334f62522b4e4b356f65494c683338654d3056716f476677336f7947556d4641724246797a52525267396c323563617a56445448396f32487a43642b574a4257744f39624d394453432f336d7a5549432f7a2f68794c667662223b70726f66696c657c733a32373a2250726f66696c20626572686173696c206469706572626172756921223b5f5f63695f766172737c613a313a7b733a373a2270726f66696c65223b733a333a226f6c64223b7d),
('4s4u2o54i455gf5m9ivsgtno14dae8pt', '::1', 1691400325, 0x5f5f63695f6c6173745f726567656e65726174657c693a313639313430303133373b5f5f4143544956455f53455353494f4e5f444154417c733a3235363a2235373733356630303133623461393835623533663466313661363665363532333630666366656665636161653631333438326534356332616636393634383731346365376635353738616232653632376661633562643036656635646435613964303931383233353434376164373835303736623865303835666231613461352f776b7744724b756c516864745664483932624b2f6150506b2f2f5567346c767947414b5a5757334f62522b4e4b356f65494c683338654d3056716f476677336f7947556d4641724246797a52525267396c323563617a56445448396f32487a43642b574a4257744f39624d394453432f336d7a5549432f7a2f68794c667662223b70726f66696c657c733a32373a2250726f66696c20626572686173696c206469706572626172756921223b5f5f63695f766172737c613a313a7b733a373a2270726f66696c65223b733a333a226f6c64223b7d),
('tn0c725krctd1kcqcduu9dp5f8q3tkeo', '::1', 1691435000, 0x5f5f63695f6c6173745f726567656e65726174657c693a313639313433343739323b7265646972656374696f6e7c4e3b5f5f4143544956455f53455353494f4e5f444154417c733a3235363a2235396362653037396363333737636432363936363130393035623038633437666638616639363535363231643737376430666363666161323163326630663035326435333130313534646339376534643065633266663430653936653761383731643536376637616637303263653731336430393265343035373463623138364353663959784f78467a31675a4738737a354d5844375a6651626e72654f675366333557484f734e5067575076765474556365397a706b4a54644473646e745a694b57644a4a4c555565482f3543732f3045355a4734726575434b357659546e49564b664c4c7048496e5732706d794d5a737552705533323246665653636767223b),
('533pjsutnsni3djtr0vbcahs1dp90hpk', '::1', 1691437643, 0x5f5f63695f6c6173745f726567656e65726174657c693a313639313433373634333b5f5f4143544956455f53455353494f4e5f444154417c733a3235363a223236653961316139366430336566333234626233633132373662623432373338346538343463373237376431643839653264396564623936336161306339316236313035303635663434396432356533346234363833613236613463313261303663623738636133663538663864316630366633663738653637383933366564573342445666674f4d4f6d7766526f3338547a316e4a6f75776152674b6e442f566e7832657a4d467137584a44676c48394e55795a2f456f35615a313056563577625954464b68693632346538455556514e7547374970726d373156584e4b4863367a61764c734d38314f4d6f333554494f6158505644494e46333354613749223b),
('fj7oa4deq8mtbe4tn9gh3gu3mdiskc87', '::1', 1691438154, 0x5f5f63695f6c6173745f726567656e65726174657c693a313639313433383135343b5f5f4143544956455f53455353494f4e5f444154417c733a3235363a223236653961316139366430336566333234626233633132373662623432373338346538343463373237376431643839653264396564623936336161306339316236313035303635663434396432356533346234363833613236613463313261303663623738636133663538663864316630366633663738653637383933366564573342445666674f4d4f6d7766526f3338547a316e4a6f75776152674b6e442f566e7832657a4d467137584a44676c48394e55795a2f456f35615a313056563577625954464b68693632346538455556514e7547374970726d373156584e4b4863367a61764c734d38314f4d6f333554494f6158505644494e46333354613749223b);
INSERT INTO `ci_sessions` (`id`, `ip_address`, `timestamp`, `data`) VALUES
('joifdgrvckfj8iklnl2u4dt6jlfot35q', '::1', 1691438763, 0x5f5f63695f6c6173745f726567656e65726174657c693a313639313433383736333b5f5f4143544956455f53455353494f4e5f444154417c733a3235363a223236653961316139366430336566333234626233633132373662623432373338346538343463373237376431643839653264396564623936336161306339316236313035303635663434396432356533346234363833613236613463313261303663623738636133663538663864316630366633663738653637383933366564573342445666674f4d4f6d7766526f3338547a316e4a6f75776152674b6e442f566e7832657a4d467137584a44676c48394e55795a2f456f35615a313056563577625954464b68693632346538455556514e7547374970726d373156584e4b4863367a61764c734d38314f4d6f333554494f6158505644494e46333354613749223b),
('usm8v4i9e0ctv039vcn3lmbam1cj6263', '::1', 1691439143, 0x5f5f63695f6c6173745f726567656e65726174657c693a313639313433393134333b5f5f4143544956455f53455353494f4e5f444154417c733a3235363a223236653961316139366430336566333234626233633132373662623432373338346538343463373237376431643839653264396564623936336161306339316236313035303635663434396432356533346234363833613236613463313261303663623738636133663538663864316630366633663738653637383933366564573342445666674f4d4f6d7766526f3338547a316e4a6f75776152674b6e442f566e7832657a4d467137584a44676c48394e55795a2f456f35615a313056563577625954464b68693632346538455556514e7547374970726d373156584e4b4863367a61764c734d38314f4d6f333554494f6158505644494e46333354613749223b),
('u73vaes3n9stocnn7olj63vdigjoctri', '::1', 1691439523, 0x5f5f63695f6c6173745f726567656e65726174657c693a313639313433393532333b5f5f4143544956455f53455353494f4e5f444154417c733a3235363a223236653961316139366430336566333234626233633132373662623432373338346538343463373237376431643839653264396564623936336161306339316236313035303635663434396432356533346234363833613236613463313261303663623738636133663538663864316630366633663738653637383933366564573342445666674f4d4f6d7766526f3338547a316e4a6f75776152674b6e442f566e7832657a4d467137584a44676c48394e55795a2f456f35615a313056563577625954464b68693632346538455556514e7547374970726d373156584e4b4863367a61764c734d38314f4d6f333554494f6158505644494e46333354613749223b6164645f6e65775f637573746f6d65725f666c6173687c733a33353a22436f7374756d6572206261727520626572686173696c20646974616d6261686b616e21223b5f5f63695f766172737c613a313a7b733a32323a226164645f6e65775f637573746f6d65725f666c617368223b733a333a226f6c64223b7d),
('ijoclgspoknr2579gh4b7n0pmh5vpr9o', '::1', 1691439934, 0x5f5f63695f6c6173745f726567656e65726174657c693a313639313433393933343b5f5f4143544956455f53455353494f4e5f444154417c733a3235363a223236653961316139366430336566333234626233633132373662623432373338346538343463373237376431643839653264396564623936336161306339316236313035303635663434396432356533346234363833613236613463313261303663623738636133663538663864316630366633663738653637383933366564573342445666674f4d4f6d7766526f3338547a316e4a6f75776152674b6e442f566e7832657a4d467137584a44676c48394e55795a2f456f35615a313056563577625954464b68693632346538455556514e7547374970726d373156584e4b4863367a61764c734d38314f4d6f333554494f6158505644494e46333354613749223b6164645f6e65775f637573746f6d65725f666c6173687c733a33353a22436f7374756d6572206261727520626572686173696c20646974616d6261686b616e21223b5f5f63695f766172737c613a313a7b733a32323a226164645f6e65775f637573746f6d65725f666c617368223b733a333a226f6c64223b7d),
('mnvrpgt7p4be25apfl9fesq9ljqppl20', '::1', 1691439934, 0x5f5f63695f6c6173745f726567656e65726174657c693a313639313433393933343b5f5f4143544956455f53455353494f4e5f444154417c733a3235363a223236653961316139366430336566333234626233633132373662623432373338346538343463373237376431643839653264396564623936336161306339316236313035303635663434396432356533346234363833613236613463313261303663623738636133663538663864316630366633663738653637383933366564573342445666674f4d4f6d7766526f3338547a316e4a6f75776152674b6e442f566e7832657a4d467137584a44676c48394e55795a2f456f35615a313056563577625954464b68693632346538455556514e7547374970726d373156584e4b4863367a61764c734d38314f4d6f333554494f6158505644494e46333354613749223b6164645f6e65775f637573746f6d65725f666c6173687c733a33353a22436f7374756d6572206261727520626572686173696c20646974616d6261686b616e21223b5f5f63695f766172737c613a313a7b733a32323a226164645f6e65775f637573746f6d65725f666c617368223b733a333a226f6c64223b7d),
('ovtm523js5vdifqdla9lcejts6lgircp', '::1', 1691450565, 0x5f5f63695f6c6173745f726567656e65726174657c693a313639313435303536353b5f5f4143544956455f53455353494f4e5f444154417c733a3235363a223539383237383538396266643862656666633435623462393739643463353931373861316234656635386137326364333264323165653966643932343762323761636135656530336639363462633065646166356466363565303036323234393661306539646661633739326537316363613433393563343161663163343864396a31574e473965484753306d5963374f4d6f427150413949576541566b5764357a7674716e576d3276645a31666445424f374369626a59532b4f62466b78596a427643492b6e4863325757476f4f346868345570394f546c6d663455614f705379464f726d684c2b2f55633553576a4b716c383744576b5a43466c537a6333223b),
('ok3s49mrqgclnm88kt98tfjnbbaatlqu', '::1', 1691451109, 0x5f5f63695f6c6173745f726567656e65726174657c693a313639313435313130393b5f5f4143544956455f53455353494f4e5f444154417c733a3235363a223539383237383538396266643862656666633435623462393739643463353931373861316234656635386137326364333264323165653966643932343762323761636135656530336639363462633065646166356466363565303036323234393661306539646661633739326537316363613433393563343161663163343864396a31574e473965484753306d5963374f4d6f427150413949576541566b5764357a7674716e576d3276645a31666445424f374369626a59532b4f62466b78596a427643492b6e4863325757476f4f346868345570394f546c6d663455614f705379464f726d684c2b2f55633553576a4b716c383744576b5a43466c537a6333223b),
('5f68ljcg4g27ngma37j043lhfns5cvll', '::1', 1691452953, 0x5f5f63695f6c6173745f726567656e65726174657c693a313639313435323935333b6c6f67696e5f666c6173687c733a31363a22426572686173696c206c6f676f757421223b5f5f63695f766172737c613a313a7b733a31313a226c6f67696e5f666c617368223b733a333a226f6c64223b7d7265646972656374696f6e7c4e3b),
('f6fot1721ql1ag2k854skr7ptm2joa79', '::1', 1691453265, 0x5f5f63695f6c6173745f726567656e65726174657c693a313639313435333236353b6c6f67696e5f666c6173687c733a31363a22426572686173696c206c6f676f757421223b5f5f63695f766172737c613a313a7b733a31313a226c6f67696e5f666c617368223b733a333a226f6c64223b7d7265646972656374696f6e7c4e3b5f5f4143544956455f53455353494f4e5f444154417c733a3235363a22613462626339363262323634356433356565303065623433313462646161646331306236643639313261396637303231393139653533383932633436636263653532396162316132323433363666353763646665373064333262316538326461633332646235663836363838323363653837643331636563396333383432356262733762754846516370492b314736635a475934394d3748777462716134522b6d75516a6a32396e483757516f4b546e55543466553145736f727177364f79504973304f4b6a65746c4e79574849454757367071674c415a622f68636a76706236654f66694958776c347047674f4a336234797350385970632f345256357844223b),
('tt0gspehk7cm87lo3hl5hsnbp8bfclhe', '::1', 1691453674, 0x5f5f63695f6c6173745f726567656e65726174657c693a313639313435333637343b6c6f67696e5f666c6173687c733a31363a22426572686173696c206c6f676f757421223b5f5f63695f766172737c613a323a7b733a31313a226c6f67696e5f666c617368223b733a333a226f6c64223b733a32323a226164645f6e65775f637573746f6d65725f666c617368223b733a333a226f6c64223b7d7265646972656374696f6e7c4e3b5f5f4143544956455f53455353494f4e5f444154417c733a3235363a22613462626339363262323634356433356565303065623433313462646161646331306236643639313261396637303231393139653533383932633436636263653532396162316132323433363666353763646665373064333262316538326461633332646235663836363838323363653837643331636563396333383432356262733762754846516370492b314736635a475934394d3748777462716134522b6d75516a6a32396e483757516f4b546e55543466553145736f727177364f79504973304f4b6a65746c4e79574849454757367071674c415a622f68636a76706236654f66694958776c347047674f4a336234797350385970632f345256357844223b6164645f6e65775f637573746f6d65725f666c6173687c733a33353a22436f7374756d6572206261727520626572686173696c20646974616d6261686b616e21223b),
('275sivtfjat6hsnf5ikf87mbu2rgu5tv', '::1', 1691454942, 0x5f5f63695f6c6173745f726567656e65726174657c693a313639313435343934323b6c6f67696e5f666c6173687c733a31363a22426572686173696c206c6f676f757421223b5f5f63695f766172737c613a323a7b733a31313a226c6f67696e5f666c617368223b733a333a226f6c64223b733a32323a226164645f6e65775f637573746f6d65725f666c617368223b733a333a226f6c64223b7d7265646972656374696f6e7c4e3b5f5f4143544956455f53455353494f4e5f444154417c733a3235363a2233336666323538353262336536653862336664356237383130343566343938663862383238373236613135623438306137376166666533366361666234363662663837373932306132353765636464373265373332303762373833376533333961363635316439383137383036303666313430303263353334356238363338327a384f376f6870336442366e544437442f657363466665477755755379775853527352475a6d6e5a636b45394a584264496e58475442726f5234514458797570324d716c61396e766261413245494876704f4944324755553841594d467a434b367564376e5937365a55686a48536e5274793853663359477368446675323257223b6164645f6e65775f637573746f6d65725f666c6173687c733a33353a22436f7374756d6572206261727520626572686173696c20646974616d6261686b616e21223b),
('g1lgopjqieptcjf7t3adhq0nrqrmnnib', '::1', 1691455175, 0x5f5f63695f6c6173745f726567656e65726174657c693a313639313435343934323b6c6f67696e5f666c6173687c733a31363a22426572686173696c206c6f676f757421223b5f5f63695f766172737c613a323a7b733a31313a226c6f67696e5f666c617368223b733a333a226f6c64223b733a32323a226164645f6e65775f637573746f6d65725f666c617368223b733a333a226f6c64223b7d7265646972656374696f6e7c4e3b6164645f6e65775f637573746f6d65725f666c6173687c733a33353a22436f7374756d6572206261727520626572686173696c20646974616d6261686b616e21223b5f5f4143544956455f53455353494f4e5f444154417c733a3235363a223539373566653132343539386338373136346238333130393030653961643961366230623462396666646534613934373930346534366439656539633265396231396238636631633238343233303965633963376235383837303164383836663034343837323135323735303531393234393735616135336462386662626639487347776d7255626d7750676d745a746c5062485869632b7230775541484b5736396b43324f36646471444d733761624e30656b79704f64576a4773397150776f5a466f6d2f5757364b334e5a4e6f78337659615654617476784a367477746b32346b596531365048346c71585a75644666524f4a576e784a697a592b456750223b),
('ji22lses2u3b1s4udod4r8o8cpubk1vp', '::1', 1691455605, 0x5f5f63695f6c6173745f726567656e65726174657c693a313639313435353630353b5f5f4143544956455f53455353494f4e5f444154417c733a3235363a2234626266653162616165363336613863353633363133616337303532643930393639613234306464353034633433303563633537343762643030336362383734623361343239313363653139306132383565356435323834306635393234373738306139623235303132613933313136393465356535353361646464343362346a4e38674c6444766854784343733461365932557a3635474c72555541306541395151746865595a704f4b6132573370695669384b47442f7277365244557843374c7a774d727469654e763865587a705168494f6c7063444a366f3166624c37695242664a6d7256476d58695047316d63677a67652f794f62424a44526f6759223b),
('ilp7c27irmr5gda62du4i1lpcjlkeslt', '::1', 1691456273, 0x5f5f63695f6c6173745f726567656e65726174657c693a313639313435363237333b5f5f4143544956455f53455353494f4e5f444154417c733a3235363a2234626266653162616165363336613863353633363133616337303532643930393639613234306464353034633433303563633537343762643030336362383734623361343239313363653139306132383565356435323834306635393234373738306139623235303132613933313136393465356535353361646464343362346a4e38674c6444766854784343733461365932557a3635474c72555541306541395151746865595a704f4b6132573370695669384b47442f7277365244557843374c7a774d727469654e763865587a705168494f6c7063444a366f3166624c37695242664a6d7256476d58695047316d63677a67652f794f62424a44526f6759223b),
('au7lbogcntg082aftva22358lpu9qpl0', '::1', 1691456623, 0x5f5f63695f6c6173745f726567656e65726174657c693a313639313435363632333b5f5f4143544956455f53455353494f4e5f444154417c733a3235363a2234626266653162616165363336613863353633363133616337303532643930393639613234306464353034633433303563633537343762643030336362383734623361343239313363653139306132383565356435323834306635393234373738306139623235303132613933313136393465356535353361646464343362346a4e38674c6444766854784343733461365932557a3635474c72555541306541395151746865595a704f4b6132573370695669384b47442f7277365244557843374c7a774d727469654e763865587a705168494f6c7063444a366f3166624c37695242664a6d7256476d58695047316d63677a67652f794f62424a44526f6759223b),
('iv4516050de899bvrd3khk6p6kt9oj5g', '::1', 1691456540, 0x5f5f63695f6c6173745f726567656e65726174657c693a313639313435363532353b7265646972656374696f6e7c4e3b5f5f4143544956455f53455353494f4e5f444154417c733a3235363a2235306366326637323266373234656433653161323030386465363862633033306664643662613565356261323832383963666533326435363432653133643537346230323764393361626336636634383065393037646339386434313534363166663464663230383035663335386137383166363437613633306162333332664a41796a395036696738516c6f3652527a476148725a4c32384278365a456343542f705074353346644873746f7574726b67572b41667477786275352f536148324152746e3137524c326543375361627953585a4b6f574649317161392b65325343646b57776f39722b6b4d72644c74533175646c577a4c5545384b39745052223b),
('l2i4h74pai97rs3gbs74721gm3b5eguo', '::1', 1691456978, 0x5f5f63695f6c6173745f726567656e65726174657c693a313639313435363937383b5f5f4143544956455f53455353494f4e5f444154417c733a3235363a2235653736393264656235633033393836396638333437386466386531366538333162363436636635343764373530373133653130353563666135313963346639376330666139383961613264623162356636313933643864626164343236616635366133623266393161616434353538363961626566666634303038616261373533765959497835462f6f61535543692f5137757a4347667a6676663346726263622f75786c2b41634544563352303054346f38496b706a5837786d4e4e66754d3844353632302f554d356878554a4477723645642b49704742446954553042505677505a6b514a63544a704e77524b59542b736a546c376e7a434a3632552f223b7265646972656374696f6e7c4e3b),
('54at07uv3kjueurenee5179d2bnt2b1n', '::1', 1691457367, 0x5f5f63695f6c6173745f726567656e65726174657c693a313639313435373336373b5f5f4143544956455f53455353494f4e5f444154417c733a3235363a2235653736393264656235633033393836396638333437386466386531366538333162363436636635343764373530373133653130353563666135313963346639376330666139383961613264623162356636313933643864626164343236616635366133623266393161616434353538363961626566666634303038616261373533765959497835462f6f61535543692f5137757a4347667a6676663346726263622f75786c2b41634544563352303054346f38496b706a5837786d4e4e66754d3844353632302f554d356878554a4477723645642b49704742446954553042505677505a6b514a63544a704e77524b59542b736a546c376e7a434a3632552f223b7265646972656374696f6e7c4e3b),
('m70nq5do2n4362d11i5ls6kfmh5oo770', '::1', 1691457689, 0x5f5f63695f6c6173745f726567656e65726174657c693a313639313435373638393b5f5f4143544956455f53455353494f4e5f444154417c733a3235363a2235653736393264656235633033393836396638333437386466386531366538333162363436636635343764373530373133653130353563666135313963346639376330666139383961613264623162356636313933643864626164343236616635366133623266393161616434353538363961626566666634303038616261373533765959497835462f6f61535543692f5137757a4347667a6676663346726263622f75786c2b41634544563352303054346f38496b706a5837786d4e4e66754d3844353632302f554d356878554a4477723645642b49704742446954553042505677505a6b514a63544a704e77524b59542b736a546c376e7a434a3632552f223b7265646972656374696f6e7c4e3b),
('vrt1lg4du801rim1ap8n1kvmrfrf6msk', '::1', 1691458034, 0x5f5f63695f6c6173745f726567656e65726174657c693a313639313435383033343b5f5f4143544956455f53455353494f4e5f444154417c733a3235363a2235653736393264656235633033393836396638333437386466386531366538333162363436636635343764373530373133653130353563666135313963346639376330666139383961613264623162356636313933643864626164343236616635366133623266393161616434353538363961626566666634303038616261373533765959497835462f6f61535543692f5137757a4347667a6676663346726263622f75786c2b41634544563352303054346f38496b706a5837786d4e4e66754d3844353632302f554d356878554a4477723645642b49704742446954553042505677505a6b514a63544a704e77524b59542b736a546c376e7a434a3632552f223b7265646972656374696f6e7c4e3b),
('vkrj5qtrgsim10lue6nc347qn6somkt9', '::1', 1691458495, 0x5f5f63695f6c6173745f726567656e65726174657c693a313639313435383439353b5f5f4143544956455f53455353494f4e5f444154417c733a3235363a2235653736393264656235633033393836396638333437386466386531366538333162363436636635343764373530373133653130353563666135313963346639376330666139383961613264623162356636313933643864626164343236616635366133623266393161616434353538363961626566666634303038616261373533765959497835462f6f61535543692f5137757a4347667a6676663346726263622f75786c2b41634544563352303054346f38496b706a5837786d4e4e66754d3844353632302f554d356878554a4477723645642b49704742446954553042505677505a6b514a63544a704e77524b59542b736a546c376e7a434a3632552f223b7265646972656374696f6e7c4e3b),
('kvvmotc477jbvbpo9ig0tj2j500718nb', '::1', 1691458800, 0x5f5f63695f6c6173745f726567656e65726174657c693a313639313435383830303b5f5f4143544956455f53455353494f4e5f444154417c733a3235363a2235653736393264656235633033393836396638333437386466386531366538333162363436636635343764373530373133653130353563666135313963346639376330666139383961613264623162356636313933643864626164343236616635366133623266393161616434353538363961626566666634303038616261373533765959497835462f6f61535543692f5137757a4347667a6676663346726263622f75786c2b41634544563352303054346f38496b706a5837786d4e4e66754d3844353632302f554d356878554a4477723645642b49704742446954553042505677505a6b514a63544a704e77524b59542b736a546c376e7a434a3632552f223b7265646972656374696f6e7c4e3b),
('cftd2p8m76mpfu7iln2p1r9jd51sh6s5', '::1', 1691459163, 0x5f5f63695f6c6173745f726567656e65726174657c693a313639313435393136333b6c6f67696e5f666c6173687c733a31363a22426572686173696c206c6f676f757421223b5f5f63695f766172737c613a313a7b733a31313a226c6f67696e5f666c617368223b733a333a226f6c64223b7d7265646972656374696f6e7c733a39323a226148523063446f764c327876593246736147397a644339746157566659586c68625639695a584a72595767766157356b5a586775634768774c324e3163335276625756794c33427962325a70624755765a575270644639755957316c223b5f5f4143544956455f53455353494f4e5f444154417c733a3235363a2233616639623064633964386663306135396462626230376264313439373131313462626134633762323435333831313630663765643861646237313937373732623739613732643235643536323332613733663035353562663234613538393036323765373265353062353235656139353863653632643664343863666666634f7a565741423672705631346f77784f7a496e2f51674630432f6d76645a784b364f7378707a69683033634364465069736d6659366a7a39664b7949306f6d764c6775566c396a594259665877776e5952766e5858476b327853634777396e53775030745567545a5530646d6a7157384e72372f727963497039774b634c5443223b),
('il4eicjbo5a865jdcisa9cpjjpkb4gkm', '::1', 1691459509, 0x5f5f63695f6c6173745f726567656e65726174657c693a313639313435393530393b6c6f67696e5f666c6173687c733a31363a22426572686173696c206c6f676f757421223b5f5f63695f766172737c613a313a7b733a31313a226c6f67696e5f666c617368223b733a333a226f6c64223b7d7265646972656374696f6e7c733a39323a226148523063446f764c327876593246736147397a644339746157566659586c68625639695a584a72595767766157356b5a586775634768774c324e3163335276625756794c33427962325a70624755765a575270644639755957316c223b5f5f4143544956455f53455353494f4e5f444154417c733a3235363a2233616639623064633964386663306135396462626230376264313439373131313462626134633762323435333831313630663765643861646237313937373732623739613732643235643536323332613733663035353562663234613538393036323765373265353062353235656139353863653632643664343863666666634f7a565741423672705631346f77784f7a496e2f51674630432f6d76645a784b364f7378707a69683033634364465069736d6659366a7a39664b7949306f6d764c6775566c396a594259665877776e5952766e5858476b327853634777396e53775030745567545a5530646d6a7157384e72372f727963497039774b634c5443223b),
('ed4j28gppg762bq45mrlr3iiiob899nq', '::1', 1691459814, 0x5f5f63695f6c6173745f726567656e65726174657c693a313639313435393831343b6c6f67696e5f666c6173687c733a31363a22426572686173696c206c6f676f757421223b5f5f63695f766172737c613a313a7b733a31313a226c6f67696e5f666c617368223b733a333a226f6c64223b7d7265646972656374696f6e7c733a39323a226148523063446f764c327876593246736147397a644339746157566659586c68625639695a584a72595767766157356b5a586775634768774c324e3163335276625756794c33427962325a70624755765a575270644639755957316c223b5f5f4143544956455f53455353494f4e5f444154417c733a3235363a2233616639623064633964386663306135396462626230376264313439373131313462626134633762323435333831313630663765643861646237313937373732623739613732643235643536323332613733663035353562663234613538393036323765373265353062353235656139353863653632643664343863666666634f7a565741423672705631346f77784f7a496e2f51674630432f6d76645a784b364f7378707a69683033634364465069736d6659366a7a39664b7949306f6d764c6775566c396a594259665877776e5952766e5858476b327853634777396e53775030745567545a5530646d6a7157384e72372f727963497039774b634c5443223b),
('qdu02re4eqoib63dg275i5isq3n82gp5', '::1', 1691461990, 0x5f5f63695f6c6173745f726567656e65726174657c693a313639313436313939303b6c6f67696e5f666c6173687c733a31363a22426572686173696c206c6f676f757421223b5f5f63695f766172737c613a313a7b733a31313a226c6f67696e5f666c617368223b733a333a226f6c64223b7d7265646972656374696f6e7c733a39323a226148523063446f764c327876593246736147397a644339746157566659586c68625639695a584a72595767766157356b5a586775634768774c324e3163335276625756794c33427962325a70624755765a575270644639755957316c223b5f5f4143544956455f53455353494f4e5f444154417c733a3235363a2233616639623064633964386663306135396462626230376264313439373131313462626134633762323435333831313630663765643861646237313937373732623739613732643235643536323332613733663035353562663234613538393036323765373265353062353235656139353863653632643664343863666666634f7a565741423672705631346f77784f7a496e2f51674630432f6d76645a784b364f7378707a69683033634364465069736d6659366a7a39664b7949306f6d764c6775566c396a594259665877776e5952766e5858476b327853634777396e53775030745567545a5530646d6a7157384e72372f727963497039774b634c5443223b),
('71nptvjc4nltp7nhhnpgcns3553trf01', '::1', 1691462294, 0x5f5f63695f6c6173745f726567656e65726174657c693a313639313436323239343b6c6f67696e5f666c6173687c733a31363a22426572686173696c206c6f676f757421223b5f5f63695f766172737c613a333a7b733a31313a226c6f67696e5f666c617368223b733a333a226f6c64223b733a373a2270726f66696c65223b733a333a226f6c64223b733a31383a22656469745f70726f647563745f666c617368223b733a333a226f6c64223b7d7265646972656374696f6e7c733a39323a226148523063446f764c327876593246736147397a644339746157566659586c68625639695a584a72595767766157356b5a586775634768774c324e3163335276625756794c33427962325a70624755765a575270644639755957316c223b5f5f4143544956455f53455353494f4e5f444154417c733a3235363a2233616639623064633964386663306135396462626230376264313439373131313462626134633762323435333831313630663765643861646237313937373732623739613732643235643536323332613733663035353562663234613538393036323765373265353062353235656139353863653632643664343863666666634f7a565741423672705631346f77784f7a496e2f51674630432f6d76645a784b364f7378707a69683033634364465069736d6659366a7a39664b7949306f6d764c6775566c396a594259665877776e5952766e5858476b327853634777396e53775030745567545a5530646d6a7157384e72372f727963497039774b634c5443223b70726f66696c657c733a32373a2250726f66696c20626572686173696c206469706572626172756921223b656469745f70726f647563745f666c6173687c733a32373a2250726f64756b20626572686173696c206469706572626172756921223b),
('np5o434jjhjk3dc3okocjqg8s0hqcars', '::1', 1691462676, 0x5f5f63695f6c6173745f726567656e65726174657c693a313639313436323637363b6c6f67696e5f666c6173687c733a31363a22426572686173696c206c6f676f757421223b5f5f63695f766172737c613a333a7b733a31313a226c6f67696e5f666c617368223b733a333a226f6c64223b733a373a2270726f66696c65223b733a333a226f6c64223b733a31383a22656469745f70726f647563745f666c617368223b733a333a226f6c64223b7d7265646972656374696f6e7c733a39323a226148523063446f764c327876593246736147397a644339746157566659586c68625639695a584a72595767766157356b5a586775634768774c324e3163335276625756794c33427962325a70624755765a575270644639755957316c223b5f5f4143544956455f53455353494f4e5f444154417c733a3235363a2233616639623064633964386663306135396462626230376264313439373131313462626134633762323435333831313630663765643861646237313937373732623739613732643235643536323332613733663035353562663234613538393036323765373265353062353235656139353863653632643664343863666666634f7a565741423672705631346f77784f7a496e2f51674630432f6d76645a784b364f7378707a69683033634364465069736d6659366a7a39664b7949306f6d764c6775566c396a594259665877776e5952766e5858476b327853634777396e53775030745567545a5530646d6a7157384e72372f727963497039774b634c5443223b70726f66696c657c733a32373a2250726f66696c20626572686173696c206469706572626172756921223b656469745f70726f647563745f666c6173687c733a32373a2250726f64756b20626572686173696c206469706572626172756921223b),
('fkdicrjsoak654euu3ncog0u61bpu757', '::1', 1691463032, 0x5f5f63695f6c6173745f726567656e65726174657c693a313639313436333033323b6c6f67696e5f666c6173687c733a31363a22426572686173696c206c6f676f757421223b5f5f63695f766172737c613a343a7b733a31313a226c6f67696e5f666c617368223b733a333a226f6c64223b733a373a2270726f66696c65223b733a333a226f6c64223b733a31383a22656469745f70726f647563745f666c617368223b733a333a226f6c64223b733a31333a22656469745f637573746f6d6572223b733a333a226f6c64223b7d7265646972656374696f6e7c4e3b5f5f4143544956455f53455353494f4e5f444154417c733a3235363a2233663064386661613838653465643963303832386163666132376235616663333262656330353261353263633265313037653831613263323039623238316537613534313762363561316266383633366465356530383835646463356633393036366263313962383661313136366238653930386432623736333331333531324f5261364470474c6c57507276706670503977436569692f736c534a336557515454397967694765444c652b4a496278386d72527749772b4573553470526c434862746a3238754d68343932677837693666784b546b6e50644a5638586a6638396d6d70394751436447514c376b71304747722b45755043484e4d554e716741223b70726f66696c657c733a32373a2250726f66696c20626572686173696c206469706572626172756921223b656469745f70726f647563745f666c6173687c733a32373a2250726f64756b20626572686173696c206469706572626172756921223b656469745f637573746f6d65727c733a33343a224461746120637573746f6d657220626572686173696c206469706572626172756921223b),
('j0b74v3eqshhb66k0gph3csboa67ht2r', '::1', 1691463342, 0x5f5f63695f6c6173745f726567656e65726174657c693a313639313436333334323b6c6f67696e5f666c6173687c733a31363a22426572686173696c206c6f676f757421223b5f5f63695f766172737c613a343a7b733a31313a226c6f67696e5f666c617368223b733a333a226f6c64223b733a373a2270726f66696c65223b733a333a226f6c64223b733a31383a22656469745f70726f647563745f666c617368223b733a333a226f6c64223b733a31333a22656469745f637573746f6d6572223b733a333a226f6c64223b7d7265646972656374696f6e7c4e3b5f5f4143544956455f53455353494f4e5f444154417c733a3235363a2233663064386661613838653465643963303832386163666132376235616663333262656330353261353263633265313037653831613263323039623238316537613534313762363561316266383633366465356530383835646463356633393036366263313962383661313136366238653930386432623736333331333531324f5261364470474c6c57507276706670503977436569692f736c534a336557515454397967694765444c652b4a496278386d72527749772b4573553470526c434862746a3238754d68343932677837693666784b546b6e50644a5638586a6638396d6d70394751436447514c376b71304747722b45755043484e4d554e716741223b70726f66696c657c733a32373a2250726f66696c20626572686173696c206469706572626172756921223b656469745f70726f647563745f666c6173687c733a32373a2250726f64756b20626572686173696c206469706572626172756921223b656469745f637573746f6d65727c733a33343a224461746120637573746f6d657220626572686173696c206469706572626172756921223b),
('mi77uq14fri2a0no094dtqnd4nmgt1a2', '::1', 1691465476, 0x5f5f63695f6c6173745f726567656e65726174657c693a313639313436353437363b6c6f67696e5f666c6173687c733a31363a22426572686173696c206c6f676f757421223b5f5f63695f766172737c613a343a7b733a31313a226c6f67696e5f666c617368223b733a333a226f6c64223b733a373a2270726f66696c65223b733a333a226f6c64223b733a31383a22656469745f70726f647563745f666c617368223b733a333a226f6c64223b733a31333a22656469745f637573746f6d6572223b733a333a226f6c64223b7d7265646972656374696f6e7c4e3b5f5f4143544956455f53455353494f4e5f444154417c733a3235363a2233663064386661613838653465643963303832386163666132376235616663333262656330353261353263633265313037653831613263323039623238316537613534313762363561316266383633366465356530383835646463356633393036366263313962383661313136366238653930386432623736333331333531324f5261364470474c6c57507276706670503977436569692f736c534a336557515454397967694765444c652b4a496278386d72527749772b4573553470526c434862746a3238754d68343932677837693666784b546b6e50644a5638586a6638396d6d70394751436447514c376b71304747722b45755043484e4d554e716741223b70726f66696c657c733a32373a2250726f66696c20626572686173696c206469706572626172756921223b656469745f70726f647563745f666c6173687c733a32373a2250726f64756b20626572686173696c206469706572626172756921223b656469745f637573746f6d65727c733a33343a224461746120637573746f6d657220626572686173696c206469706572626172756921223b),
('8955ko3i1cvqk067j44g48db9rl5umir', '::1', 1691465790, 0x5f5f63695f6c6173745f726567656e65726174657c693a313639313436353739303b6c6f67696e5f666c6173687c733a31363a22426572686173696c206c6f676f757421223b5f5f63695f766172737c613a343a7b733a31313a226c6f67696e5f666c617368223b733a333a226f6c64223b733a373a2270726f66696c65223b733a333a226f6c64223b733a31383a22656469745f70726f647563745f666c617368223b733a333a226f6c64223b733a31333a22656469745f637573746f6d6572223b733a333a226f6c64223b7d7265646972656374696f6e7c4e3b5f5f4143544956455f53455353494f4e5f444154417c733a3235363a2233663064386661613838653465643963303832386163666132376235616663333262656330353261353263633265313037653831613263323039623238316537613534313762363561316266383633366465356530383835646463356633393036366263313962383661313136366238653930386432623736333331333531324f5261364470474c6c57507276706670503977436569692f736c534a336557515454397967694765444c652b4a496278386d72527749772b4573553470526c434862746a3238754d68343932677837693666784b546b6e50644a5638586a6638396d6d70394751436447514c376b71304747722b45755043484e4d554e716741223b70726f66696c657c733a32373a2250726f66696c20626572686173696c206469706572626172756921223b656469745f70726f647563745f666c6173687c733a32373a2250726f64756b20626572686173696c206469706572626172756921223b656469745f637573746f6d65727c733a33343a224461746120637573746f6d657220626572686173696c206469706572626172756921223b),
('3uhcqmnuu2js55ksi47qfm65hpduqosq', '::1', 1691467435, 0x5f5f63695f6c6173745f726567656e65726174657c693a313639313436373433353b6c6f67696e5f666c6173687c733a31363a22426572686173696c206c6f676f757421223b5f5f63695f766172737c613a343a7b733a31313a226c6f67696e5f666c617368223b733a333a226f6c64223b733a373a2270726f66696c65223b733a333a226f6c64223b733a31383a22656469745f70726f647563745f666c617368223b733a333a226f6c64223b733a31333a22656469745f637573746f6d6572223b733a333a226f6c64223b7d7265646972656374696f6e7c4e3b5f5f4143544956455f53455353494f4e5f444154417c733a3235363a2233663064386661613838653465643963303832386163666132376235616663333262656330353261353263633265313037653831613263323039623238316537613534313762363561316266383633366465356530383835646463356633393036366263313962383661313136366238653930386432623736333331333531324f5261364470474c6c57507276706670503977436569692f736c534a336557515454397967694765444c652b4a496278386d72527749772b4573553470526c434862746a3238754d68343932677837693666784b546b6e50644a5638586a6638396d6d70394751436447514c376b71304747722b45755043484e4d554e716741223b70726f66696c657c733a32373a2250726f66696c20626572686173696c206469706572626172756921223b656469745f70726f647563745f666c6173687c733a32373a2250726f64756b20626572686173696c206469706572626172756921223b656469745f637573746f6d65727c733a33343a224461746120637573746f6d657220626572686173696c206469706572626172756921223b),
('jq7aghd8uao3afmi4b9tje0ifa60qtca', '::1', 1691467753, 0x5f5f63695f6c6173745f726567656e65726174657c693a313639313436373735333b6c6f67696e5f666c6173687c733a31363a22426572686173696c206c6f676f757421223b5f5f63695f766172737c613a343a7b733a31313a226c6f67696e5f666c617368223b733a333a226f6c64223b733a373a2270726f66696c65223b733a333a226f6c64223b733a31383a22656469745f70726f647563745f666c617368223b733a333a226f6c64223b733a31333a22656469745f637573746f6d6572223b733a333a226f6c64223b7d7265646972656374696f6e7c4e3b5f5f4143544956455f53455353494f4e5f444154417c733a3235363a2233663064386661613838653465643963303832386163666132376235616663333262656330353261353263633265313037653831613263323039623238316537613534313762363561316266383633366465356530383835646463356633393036366263313962383661313136366238653930386432623736333331333531324f5261364470474c6c57507276706670503977436569692f736c534a336557515454397967694765444c652b4a496278386d72527749772b4573553470526c434862746a3238754d68343932677837693666784b546b6e50644a5638586a6638396d6d70394751436447514c376b71304747722b45755043484e4d554e716741223b70726f66696c657c733a32373a2250726f66696c20626572686173696c206469706572626172756921223b656469745f70726f647563745f666c6173687c733a32373a2250726f64756b20626572686173696c206469706572626172756921223b656469745f637573746f6d65727c733a33343a224461746120637573746f6d657220626572686173696c206469706572626172756921223b),
('esrffrrnstflj2phoiq48i5lt6tjk4t7', '::1', 1691468056, 0x5f5f63695f6c6173745f726567656e65726174657c693a313639313436383035363b6c6f67696e5f666c6173687c733a31363a22426572686173696c206c6f676f757421223b5f5f63695f766172737c613a343a7b733a31313a226c6f67696e5f666c617368223b733a333a226f6c64223b733a373a2270726f66696c65223b733a333a226f6c64223b733a31383a22656469745f70726f647563745f666c617368223b733a333a226f6c64223b733a31333a22656469745f637573746f6d6572223b733a333a226f6c64223b7d7265646972656374696f6e7c4e3b5f5f4143544956455f53455353494f4e5f444154417c733a3235363a2233663064386661613838653465643963303832386163666132376235616663333262656330353261353263633265313037653831613263323039623238316537613534313762363561316266383633366465356530383835646463356633393036366263313962383661313136366238653930386432623736333331333531324f5261364470474c6c57507276706670503977436569692f736c534a336557515454397967694765444c652b4a496278386d72527749772b4573553470526c434862746a3238754d68343932677837693666784b546b6e50644a5638586a6638396d6d70394751436447514c376b71304747722b45755043484e4d554e716741223b70726f66696c657c733a32373a2250726f66696c20626572686173696c206469706572626172756921223b656469745f70726f647563745f666c6173687c733a32373a2250726f64756b20626572686173696c206469706572626172756921223b656469745f637573746f6d65727c733a33343a224461746120637573746f6d657220626572686173696c206469706572626172756921223b),
('fbj9etcpgdboftu4btce4ug5jgk9gd07', '::1', 1691468359, 0x5f5f63695f6c6173745f726567656e65726174657c693a313639313436383335393b6c6f67696e5f666c6173687c733a31363a22426572686173696c206c6f676f757421223b5f5f63695f766172737c613a343a7b733a31313a226c6f67696e5f666c617368223b733a333a226f6c64223b733a373a2270726f66696c65223b733a333a226f6c64223b733a31383a22656469745f70726f647563745f666c617368223b733a333a226f6c64223b733a31333a22656469745f637573746f6d6572223b733a333a226f6c64223b7d7265646972656374696f6e7c4e3b5f5f4143544956455f53455353494f4e5f444154417c733a3235363a2233663064386661613838653465643963303832386163666132376235616663333262656330353261353263633265313037653831613263323039623238316537613534313762363561316266383633366465356530383835646463356633393036366263313962383661313136366238653930386432623736333331333531324f5261364470474c6c57507276706670503977436569692f736c534a336557515454397967694765444c652b4a496278386d72527749772b4573553470526c434862746a3238754d68343932677837693666784b546b6e50644a5638586a6638396d6d70394751436447514c376b71304747722b45755043484e4d554e716741223b70726f66696c657c733a32373a2250726f66696c20626572686173696c206469706572626172756921223b656469745f70726f647563745f666c6173687c733a32373a2250726f64756b20626572686173696c206469706572626172756921223b656469745f637573746f6d65727c733a33343a224461746120637573746f6d657220626572686173696c206469706572626172756921223b),
('s8lf5n3r2eafkgtmmc3qcfe6fu8j4m0r', '::1', 1691468694, 0x5f5f63695f6c6173745f726567656e65726174657c693a313639313436383639343b6c6f67696e5f666c6173687c733a31363a22426572686173696c206c6f676f757421223b5f5f63695f766172737c613a343a7b733a31313a226c6f67696e5f666c617368223b733a333a226f6c64223b733a373a2270726f66696c65223b733a333a226f6c64223b733a31383a22656469745f70726f647563745f666c617368223b733a333a226f6c64223b733a31333a22656469745f637573746f6d6572223b733a333a226f6c64223b7d7265646972656374696f6e7c4e3b5f5f4143544956455f53455353494f4e5f444154417c733a3235363a2233663064386661613838653465643963303832386163666132376235616663333262656330353261353263633265313037653831613263323039623238316537613534313762363561316266383633366465356530383835646463356633393036366263313962383661313136366238653930386432623736333331333531324f5261364470474c6c57507276706670503977436569692f736c534a336557515454397967694765444c652b4a496278386d72527749772b4573553470526c434862746a3238754d68343932677837693666784b546b6e50644a5638586a6638396d6d70394751436447514c376b71304747722b45755043484e4d554e716741223b70726f66696c657c733a32373a2250726f66696c20626572686173696c206469706572626172756921223b656469745f70726f647563745f666c6173687c733a32373a2250726f64756b20626572686173696c206469706572626172756921223b656469745f637573746f6d65727c733a33343a224461746120637573746f6d657220626572686173696c206469706572626172756921223b),
('1fta643256186dt4kbib63uk5819q8pt', '::1', 1691469046, 0x5f5f63695f6c6173745f726567656e65726174657c693a313639313436393034363b6c6f67696e5f666c6173687c733a31363a22426572686173696c206c6f676f757421223b5f5f63695f766172737c613a353a7b733a31313a226c6f67696e5f666c617368223b733a333a226f6c64223b733a373a2270726f66696c65223b733a333a226f6c64223b733a31383a22656469745f70726f647563745f666c617368223b733a333a226f6c64223b733a31333a22656469745f637573746f6d6572223b733a333a226f6c64223b733a383a2273686f775f746162223b733a333a226f6c64223b7d7265646972656374696f6e7c4e3b5f5f4143544956455f53455353494f4e5f444154417c733a3235363a2233663064386661613838653465643963303832386163666132376235616663333262656330353261353263633265313037653831613263323039623238316537613534313762363561316266383633366465356530383835646463356633393036366263313962383661313136366238653930386432623736333331333531324f5261364470474c6c57507276706670503977436569692f736c534a336557515454397967694765444c652b4a496278386d72527749772b4573553470526c434862746a3238754d68343932677837693666784b546b6e50644a5638586a6638396d6d70394751436447514c376b71304747722b45755043484e4d554e716741223b70726f66696c657c733a32373a2250726f66696c20626572686173696c206469706572626172756921223b656469745f70726f647563745f666c6173687c733a32373a2250726f64756b20626572686173696c206469706572626172756921223b656469745f637573746f6d65727c733a33343a224461746120637573746f6d657220626572686173696c206469706572626172756921223b637573746f6d65727c4e3b73686f775f7461627c733a353a22656d61696c223b),
('7rdr91uv4buqn1j28qiq41bm6mgbt7mo', '::1', 1691468821, 0x5f5f63695f6c6173745f726567656e65726174657c693a313639313436383831313b5f5f4143544956455f53455353494f4e5f444154417c733a3235363a223062613037616631646438353739323365323161633861303362393163663932313237616232333965343462303536393963663334343038303461303366373733666534323434303831633731326238343332636461633531653165633439633136333165313631333938313131316630616236303966613035353939336663764e347752472b463556515467326f575959714b78755068526f54362f55436173636f6d2f73764731665538715a347263755062714b34726c6e30624b6d4a6d374a4c7778325961324a75307758644136436838305063754f48776a484b5447624971577738676369544e412b3445332f4e6c54594172567335764667393777223b),
('gmalc2nv1bqv6d1dj0t2pcm47mnvibua', '::1', 1691469353, 0x5f5f63695f6c6173745f726567656e65726174657c693a313639313436393335333b6c6f67696e5f666c6173687c733a31363a22426572686173696c206c6f676f757421223b5f5f63695f766172737c613a353a7b733a31313a226c6f67696e5f666c617368223b733a333a226f6c64223b733a373a2270726f66696c65223b733a333a226f6c64223b733a31383a22656469745f70726f647563745f666c617368223b733a333a226f6c64223b733a31333a22656469745f637573746f6d6572223b733a333a226f6c64223b733a383a2273686f775f746162223b733a333a226f6c64223b7d7265646972656374696f6e7c4e3b5f5f4143544956455f53455353494f4e5f444154417c733a3235363a2233663064386661613838653465643963303832386163666132376235616663333262656330353261353263633265313037653831613263323039623238316537613534313762363561316266383633366465356530383835646463356633393036366263313962383661313136366238653930386432623736333331333531324f5261364470474c6c57507276706670503977436569692f736c534a336557515454397967694765444c652b4a496278386d72527749772b4573553470526c434862746a3238754d68343932677837693666784b546b6e50644a5638586a6638396d6d70394751436447514c376b71304747722b45755043484e4d554e716741223b70726f66696c657c733a32373a2250726f66696c20626572686173696c206469706572626172756921223b656469745f70726f647563745f666c6173687c733a32373a2250726f64756b20626572686173696c206469706572626172756921223b656469745f637573746f6d65727c733a33343a224461746120637573746f6d657220626572686173696c206469706572626172756921223b637573746f6d65727c4e3b73686f775f7461627c733a353a22656d61696c223b),
('g7td43qlbch4r1ofkstov0l2bmnr7148', '::1', 1691469678, 0x5f5f63695f6c6173745f726567656e65726174657c693a313639313436393637383b6c6f67696e5f666c6173687c733a31363a22426572686173696c206c6f676f757421223b5f5f63695f766172737c613a353a7b733a31313a226c6f67696e5f666c617368223b733a333a226f6c64223b733a373a2270726f66696c65223b733a333a226f6c64223b733a31383a22656469745f70726f647563745f666c617368223b733a333a226f6c64223b733a31333a22656469745f637573746f6d6572223b733a333a226f6c64223b733a383a2273686f775f746162223b733a333a226f6c64223b7d7265646972656374696f6e7c4e3b5f5f4143544956455f53455353494f4e5f444154417c733a3235363a2233663064386661613838653465643963303832386163666132376235616663333262656330353261353263633265313037653831613263323039623238316537613534313762363561316266383633366465356530383835646463356633393036366263313962383661313136366238653930386432623736333331333531324f5261364470474c6c57507276706670503977436569692f736c534a336557515454397967694765444c652b4a496278386d72527749772b4573553470526c434862746a3238754d68343932677837693666784b546b6e50644a5638586a6638396d6d70394751436447514c376b71304747722b45755043484e4d554e716741223b70726f66696c657c733a32373a2250726f66696c20626572686173696c206469706572626172756921223b656469745f70726f647563745f666c6173687c733a32373a2250726f64756b20626572686173696c206469706572626172756921223b656469745f637573746f6d65727c733a33343a224461746120637573746f6d657220626572686173696c206469706572626172756921223b637573746f6d65727c4e3b73686f775f7461627c733a353a22656d61696c223b),
('1svurrircj07uapso7blu2tlqikjkm7l', '::1', 1691470078, 0x5f5f63695f6c6173745f726567656e65726174657c693a313639313436393637383b6c6f67696e5f666c6173687c733a31363a22426572686173696c206c6f676f757421223b5f5f63695f766172737c613a363a7b733a31313a226c6f67696e5f666c617368223b733a333a226f6c64223b733a373a2270726f66696c65223b733a333a226f6c64223b733a31383a22656469745f70726f647563745f666c617368223b733a333a226f6c64223b733a31333a22656469745f637573746f6d6572223b733a333a226f6c64223b733a383a2273686f775f746162223b733a333a226f6c64223b733a32323a226164645f6e65775f637573746f6d65725f666c617368223b733a333a226f6c64223b7d7265646972656374696f6e7c4e3b5f5f4143544956455f53455353494f4e5f444154417c733a3235363a2233663064386661613838653465643963303832386163666132376235616663333262656330353261353263633265313037653831613263323039623238316537613534313762363561316266383633366465356530383835646463356633393036366263313962383661313136366238653930386432623736333331333531324f5261364470474c6c57507276706670503977436569692f736c534a336557515454397967694765444c652b4a496278386d72527749772b4573553470526c434862746a3238754d68343932677837693666784b546b6e50644a5638586a6638396d6d70394751436447514c376b71304747722b45755043484e4d554e716741223b70726f66696c657c733a32373a2250726f66696c20626572686173696c206469706572626172756921223b656469745f70726f647563745f666c6173687c733a32373a2250726f64756b20626572686173696c206469706572626172756921223b656469745f637573746f6d65727c733a33343a224461746120637573746f6d657220626572686173696c206469706572626172756921223b637573746f6d65727c4e3b73686f775f7461627c733a353a22656d61696c223b6164645f6e65775f637573746f6d65725f666c6173687c733a33353a22436f7374756d6572206261727520626572686173696c20646974616d6261686b616e21223b);

-- --------------------------------------------------------

--
-- Table structure for table `contacts`
--

CREATE TABLE `contacts` (
  `id` int(10) NOT NULL,
  `parent_id` int(10) DEFAULT NULL,
  `name` varchar(32) NOT NULL,
  `subject` varchar(128) DEFAULT NULL,
  `email` varchar(64) NOT NULL,
  `message` mediumtext NOT NULL,
  `contact_date` datetime DEFAULT NULL,
  `status` tinyint(1) DEFAULT 1,
  `reply_at` datetime DEFAULT NULL
) ENGINE=InnoDB DEFAULT CHARSET=utf8mb4;

--
-- Dumping data for table `contacts`
--

INSERT INTO `contacts` (`id`, `parent_id`, `name`, `subject`, `email`, `message`, `contact_date`, `status`, `reply_at`) VALUES
(1, NULL, 'Agung Tri Saputra', 'Pengiriman kok lama?', 'martinms.za@gmail.com', 'pengiriman pesanan saya kok lama ya', '2020-03-29 07:40:13', 2, NULL);

-- --------------------------------------------------------

--
-- Table structure for table `coupons`
--

CREATE TABLE `coupons` (
  `id` bigint(20) NOT NULL,
  `name` varchar(191) NOT NULL,
  `code` varchar(32) NOT NULL,
  `credit` decimal(8,2) NOT NULL,
  `start_date` date NOT NULL,
  `expired_date` date NOT NULL,
  `is_active` tinyint(4) DEFAULT 1
) ENGINE=InnoDB DEFAULT CHARSET=utf8mb4;

--
-- Dumping data for table `coupons`
--

INSERT INTO `coupons` (`id`, `name`, `code`, `credit`, `start_date`, `expired_date`, `is_active`) VALUES
(1, '#DiRumahAja', 'DIRUMAHAJA19', '5000.00', '2020-03-27', '2020-04-03', 1);

-- --------------------------------------------------------

--
-- Table structure for table `customers`
--

CREATE TABLE `customers` (
  `id` bigint(20) NOT NULL,
  `user_id` bigint(20) UNSIGNED DEFAULT NULL,
  `name` varchar(191) NOT NULL,
  `phone_number` varchar(32) DEFAULT NULL,
  `address` varchar(191) NOT NULL,
  `profile_picture` varchar(191) DEFAULT NULL
) ENGINE=InnoDB DEFAULT CHARSET=utf8mb4;

--
-- Dumping data for table `customers`
--

INSERT INTO `customers` (`id`, `user_id`, `name`, `phone_number`, `address`, `profile_picture`) VALUES
(14, 16, 'fajar', '081287702212', 'fajar', 'Screenshot_2023-07-14_0205571.png'),
(15, 17, 'Tasya Salsa ', '081366437618', 'ahahaha', 'Capture.PNG'),
(17, 18, 'rudi', '123123123', 'hehehe', 'Screenshot_2023-07-14_020651.png');

-- --------------------------------------------------------

--
-- Table structure for table `orders`
--

CREATE TABLE `orders` (
  `id` bigint(20) NOT NULL,
  `user_id` bigint(20) UNSIGNED DEFAULT NULL,
  `coupon_id` bigint(20) DEFAULT NULL,
  `order_number` varchar(16) NOT NULL,
  `order_status` enum('1','2','3','4','5') DEFAULT '1',
  `order_date` datetime NOT NULL DEFAULT current_timestamp() ON UPDATE current_timestamp(),
  `total_price` decimal(8,2) DEFAULT NULL,
  `total_items` int(10) DEFAULT NULL,
  `payment_method` int(11) DEFAULT 1,
  `delivery_data` text DEFAULT NULL,
  `delivered_date` timestamp NULL DEFAULT NULL,
  `finish_date` timestamp NULL DEFAULT NULL
) ENGINE=InnoDB DEFAULT CHARSET=utf8mb4;

--
-- Dumping data for table `orders`
--

INSERT INTO `orders` (`id`, `user_id`, `coupon_id`, `order_number`, `order_status`, `order_date`, `total_price`, `total_items`, `payment_method`, `delivery_data`, `delivered_date`, `finish_date`) VALUES
(1, 17, NULL, 'RQA26723117187', '2', '2023-08-03 13:36:38', '85000.00', 1, 1, '{\"customer\":{\"name\":\"Tasya Salsa Bila\",\"phone_number\":\"081366437618\",\"address\":\"pakjo\"},\"note\":\"\"}', NULL, NULL),
(2, 16, NULL, 'TYB6823116079', '3', '2023-08-06 11:57:11', '23500.00', 1, 2, '{\"customer\":{\"name\":\"fajar\",\"phone_number\":\"08128770221\",\"address\":\"fajar\"},\"note\":\"\"}', NULL, NULL),
(3, 16, NULL, 'CCD6823216379', '5', '2023-08-07 03:39:47', '89000.00', 2, 1, '{\"customer\":{\"name\":\"fajar\",\"phone_number\":\"08128770221\",\"address\":\"fajar\"},\"note\":\"\"}', NULL, NULL),
(4, 16, NULL, 'VNY7823316341', '1', '2023-08-07 09:27:05', '760500.00', 3, 2, '{\"customer\":{\"name\":\"fajar\",\"phone_number\":\"08128770221\",\"address\":\"fajar\"},\"note\":\"\"}', NULL, NULL),
(5, 16, NULL, 'MCJ7823116925', '1', '2023-08-07 09:35:22', '355000.00', 1, 2, '{\"customer\":{\"name\":\"fajar\",\"phone_number\":\"08128770221\",\"address\":\"fajar\"},\"note\":\"\"}', NULL, NULL);

-- --------------------------------------------------------

--
-- Table structure for table `order_item`
--

CREATE TABLE `order_item` (
  `id` bigint(20) NOT NULL,
  `order_id` bigint(20) DEFAULT NULL,
  `product_id` bigint(20) DEFAULT NULL,
  `order_qty` int(10) NOT NULL,
  `order_price` decimal(8,2) DEFAULT NULL
) ENGINE=InnoDB DEFAULT CHARSET=utf8mb4;

--
-- Dumping data for table `order_item`
--

INSERT INTO `order_item` (`id`, `order_id`, `product_id`, `order_qty`, `order_price`) VALUES
(1, 1, 30, 1, '80000.00'),
(2, 2, 39, 1, '18500.00'),
(3, 3, 33, 1, '60000.00'),
(4, 3, 40, 2, '12000.00'),
(5, 4, 32, 8, '90000.00'),
(6, 4, 37, 1, '18500.00'),
(7, 4, 36, 1, '17000.00'),
(8, 5, 31, 7, '50000.00');

-- --------------------------------------------------------

--
-- Table structure for table `payments`
--

CREATE TABLE `payments` (
  `id` bigint(20) NOT NULL,
  `order_id` bigint(20) DEFAULT NULL,
  `payment_price` decimal(8,2) DEFAULT NULL,
  `payment_date` datetime NOT NULL,
  `picture_name` varchar(191) DEFAULT NULL,
  `payment_status` enum('1','2','3') DEFAULT '1',
  `confirmed_date` datetime DEFAULT NULL,
  `payment_data` text DEFAULT NULL
) ENGINE=InnoDB DEFAULT CHARSET=utf8mb4;

--
-- Dumping data for table `payments`
--

INSERT INTO `payments` (`id`, `order_id`, `payment_price`, `payment_date`, `picture_name`, `payment_status`, `confirmed_date`, `payment_data`) VALUES
(1, 1, '85.00', '2023-08-03 08:36:38', '626abba1-c577-498f-8c8b-927b79a88d6d.jpg', '1', NULL, '{\"transfer_to\":\"maybank\",\"source\":{\"bank\":\"bri\",\"name\":\"Tasya Salsa Bila\",\"number\":\"77789854443\"}}');

-- --------------------------------------------------------

--
-- Table structure for table `products`
--

CREATE TABLE `products` (
  `id` bigint(20) NOT NULL,
  `category_id` int(10) DEFAULT NULL,
  `sku` varchar(32) DEFAULT NULL,
  `name` varchar(191) NOT NULL,
  `descript` text DEFAULT NULL,
  `picture_name` varchar(191) DEFAULT NULL,
  `price` decimal(8,2) NOT NULL,
  `current_discount` decimal(8,2) DEFAULT 0.00,
  `stock` int(10) NOT NULL,
  `product_unit` varchar(32) DEFAULT NULL,
  `is_available` tinyint(1) DEFAULT 1,
  `add_date` datetime DEFAULT NULL
) ENGINE=InnoDB DEFAULT CHARSET=utf8mb4;

--
-- Dumping data for table `products`
--

INSERT INTO `products` (`id`, `category_id`, `sku`, `name`, `descript`, `picture_name`, `price`, `current_discount`, `stock`, `product_unit`, `is_available`, `add_date`) VALUES
(30, 9, 'JARA212730', 'BAKSO SAPI', 'Kualitas rasa dijamin mantap', 'baksosapi.jpg', '80000.00', '0.00', 25, 'KG', 1, '2022-07-14 23:22:10'),
(31, 9, 'KPK112797', 'BAKSO AYAM', 'Rasa dijamin mantap', 'baksoayam.jpg', '50000.00', '0.00', 12, 'KG', 1, '2022-07-22 21:06:37'),
(32, 9, 'KPK112830', 'BAKSO TAHU SAPI 12', 'Rasa dijamin mantap', 'baksotahusapi.jpg', '90000.00', '0.00', 12, 'KG', 1, '2022-07-22 21:07:10'),
(33, 9, 'NRK112863', 'BAKSO TAHU AYAM', 'RASA DIJAMIN GURIH GURIH NYOY', 'baksotahuayam.jpg', '60000.00', '0.00', 12, 'KG', 1, '2022-07-22 21:07:43'),
(34, 10, 'PP115458', 'PANGSIT', 'KULIT PANGSIT', 'pangsitt.jpg', '17000.00', '0.00', 15, 'KG', 1, '2023-08-03 07:10:58'),
(35, 2, 'MBM110249', 'MIE BIASA', 'MIE BIASA', 'miebiasaa.jpg', '16000.00', '0.00', 10, 'KG', 1, '2023-08-03 07:24:09'),
(36, 2, 'MSM113393', 'MIE SPESIAL', 'MIE SPESIAL', 'b34f902a-3d19-46da-8609-193eed40bf7f.jpg', '17000.00', '0.00', 13, 'KG', 1, '2023-08-03 09:06:33'),
(37, 2, 'MSM132680', 'MIE SUPER', '-', 'MIESUPERR.jpg', '18500.00', '0.00', 32, 'KG', 1, '2023-08-03 09:11:20'),
(38, 2, 'MAM122737', 'MIE ACEH', '-', 'MIEACEH.jpg', '18500.00', '0.00', 22, 'KG', 1, '2023-08-03 09:12:17'),
(39, 2, 'MCM119781', 'MIE CELOR', '-', 'MIECELOR.jpg', '18500.00', '0.00', 19, 'KG', 1, '2023-08-03 09:13:01'),
(40, 13, 'GABGA18117', 'GULA AREN BATOK', '-', 'GULABATOK.jpg', '12000.00', '0.00', 8, 'KG', 1, '2023-08-03 09:18:37'),
(41, 13, 'GASGA116181', 'GULA AREN SEMUT', '-', 'GULASEMUT.jpg', '15000.00', '0.00', 16, 'KG', 1, '2023-08-03 09:19:41');

-- --------------------------------------------------------

--
-- Table structure for table `product_category`
--

CREATE TABLE `product_category` (
  `id` int(10) NOT NULL,
  `name` varchar(191) NOT NULL
) ENGINE=InnoDB DEFAULT CHARSET=utf8mb4;

--
-- Dumping data for table `product_category`
--

INSERT INTO `product_category` (`id`, `name`) VALUES
(2, 'MIE '),
(9, 'BAKSO'),
(10, 'PANGSIT'),
(13, 'GULA AREN');

-- --------------------------------------------------------

--
-- Table structure for table `reviews`
--

CREATE TABLE `reviews` (
  `id` bigint(20) NOT NULL,
  `user_id` bigint(20) UNSIGNED DEFAULT NULL,
  `order_id` bigint(20) DEFAULT NULL,
  `title` varchar(191) DEFAULT NULL,
  `review_text` mediumtext NOT NULL,
  `review_date` datetime NOT NULL,
  `status` tinyint(1) NOT NULL DEFAULT 1
) ENGINE=InnoDB DEFAULT CHARSET=utf8mb4;

-- --------------------------------------------------------

--
-- Table structure for table `roles`
--

CREATE TABLE `roles` (
  `id` int(10) NOT NULL,
  `role_name` varchar(191) NOT NULL
) ENGINE=InnoDB DEFAULT CHARSET=utf8mb4;

--
-- Dumping data for table `roles`
--

INSERT INTO `roles` (`id`, `role_name`) VALUES
(1, 'Admin'),
(2, 'Customer');

-- --------------------------------------------------------

--
-- Table structure for table `settings`
--

CREATE TABLE `settings` (
  `id` int(10) NOT NULL,
  `key` varchar(32) NOT NULL,
  `content` varchar(191) NOT NULL
) ENGINE=InnoDB DEFAULT CHARSET=utf8mb4;

--
-- Dumping data for table `settings`
--

INSERT INTO `settings` (`id`, `key`, `content`) VALUES
(1, 'current_theme_name', 'vegefoods'),
(2, 'store_name', 'PD.Mie Ayam Berkah'),
(3, 'store_phone_number', '08127326130'),
(4, 'store_email', 'mieayam@gmail.com'),
(5, 'store_tagline', 'Yang enak dan Mantap Cuma Di Mie Ayam Berkah !'),
(6, 'store_logo', 'Logo.png'),
(7, 'max_product_image_size', '20000'),
(8, 'store_description', 'Rasa Dizamin Mantap, Sehat Dan Bergizi'),
(9, 'store_address', 'JL. Sosial NO.323 RT.06 RW.01 KM.5 Palembang'),
(10, 'min_shop_to_free_shipping_cost', '900000'),
(11, 'shipping_cost', '5000'),
(12, 'payment_banks', '{\"maybank\":{\"bank\":\"Maybank Indonesia\",\"number\":\"2718000123\",\"name\":\"FAHRUDDIN\"},\"maybank2\":{\"bank\":\"Maybank Indonesia\",\"number\":\"8718901632\",\"name\":\"MULYATI\"}}');

-- --------------------------------------------------------

--
-- Table structure for table `users`
--

CREATE TABLE `users` (
  `id` bigint(20) UNSIGNED NOT NULL,
  `name` varchar(50) COLLATE utf8mb4_unicode_ci DEFAULT NULL,
  `email` varchar(191) COLLATE utf8mb4_unicode_ci NOT NULL,
  `email_verified_at` timestamp NULL DEFAULT NULL,
  `username` varchar(16) COLLATE utf8mb4_unicode_ci NOT NULL,
  `password` varchar(191) COLLATE utf8mb4_unicode_ci NOT NULL,
  `profile_picture` varchar(128) COLLATE utf8mb4_unicode_ci DEFAULT NULL,
  `role_id` int(10) DEFAULT 0,
  `register_date` datetime DEFAULT NULL
) ENGINE=InnoDB DEFAULT CHARSET=utf8mb4 COLLATE=utf8mb4_unicode_ci;

--
-- Dumping data for table `users`
--

INSERT INTO `users` (`id`, `name`, `email`, `email_verified_at`, `username`, `password`, `profile_picture`, `role_id`, `register_date`) VALUES
(7, 'Admin Mie Ayam Berkah', 'mieayamberkah@gmail.com', NULL, 'admin', '$2y$10$vZFB5TAouyoG7OXCaEezx.kEPe2OE3lCq55ORSAEEZcrRyADcWxbe', '0919f092a8487492631bc84b592a4b0a_icon-wajah1.png', 1, '2020-03-29 08:14:30'),
(16, NULL, 'fajarcihuy@gmail.com', NULL, 'fajar123', '$2y$10$LPvIDvtISbXGs1rRdXQIdeilocq0lpSCBojJaGAxkZWVskbMkRa26', NULL, 2, '2022-09-25 16:51:37'),
(17, NULL, 'tasyasalsabilla987@gmail.com', NULL, 'tasya', '$2y$10$TK816Ych7JRErP3lar5QkOQn9gfZAEZKsEF6DTehys4HPbTLusi82', NULL, 2, '2023-07-26 10:24:52'),
(18, NULL, 'budi@gmail.com', NULL, 'coba', '$2y$10$yZHUPmi0PCVuzwnXw4XGZ.3nRl8wkZWadGM0qyfGDVZpRkIspUE92', NULL, 2, '2023-08-08 02:09:01');

--
-- Indexes for dumped tables
--

--
-- Indexes for table `ci_sessions`
--
ALTER TABLE `ci_sessions`
  ADD KEY `ci_sessions_timestamp` (`timestamp`);

--
-- Indexes for table `contacts`
--
ALTER TABLE `contacts`
  ADD PRIMARY KEY (`id`),
  ADD KEY `FK_contacts_contacts` (`parent_id`);

--
-- Indexes for table `coupons`
--
ALTER TABLE `coupons`
  ADD PRIMARY KEY (`id`);

--
-- Indexes for table `customers`
--
ALTER TABLE `customers`
  ADD PRIMARY KEY (`id`),
  ADD KEY `FK_customers_users` (`user_id`);

--
-- Indexes for table `orders`
--
ALTER TABLE `orders`
  ADD PRIMARY KEY (`id`),
  ADD KEY `FK_orders_users` (`user_id`),
  ADD KEY `FK_orders_coupons` (`coupon_id`);

--
-- Indexes for table `order_item`
--
ALTER TABLE `order_item`
  ADD PRIMARY KEY (`id`),
  ADD KEY `order_id` (`order_id`),
  ADD KEY `product_id` (`product_id`);

--
-- Indexes for table `payments`
--
ALTER TABLE `payments`
  ADD PRIMARY KEY (`id`),
  ADD KEY `order_id` (`order_id`);

--
-- Indexes for table `products`
--
ALTER TABLE `products`
  ADD PRIMARY KEY (`id`),
  ADD KEY `FK_products_product_category` (`category_id`);

--
-- Indexes for table `product_category`
--
ALTER TABLE `product_category`
  ADD PRIMARY KEY (`id`);

--
-- Indexes for table `reviews`
--
ALTER TABLE `reviews`
  ADD PRIMARY KEY (`id`),
  ADD KEY `FK_reviews_users` (`user_id`),
  ADD KEY `FK_reviews_orders` (`order_id`);

--
-- Indexes for table `roles`
--
ALTER TABLE `roles`
  ADD PRIMARY KEY (`id`);

--
-- Indexes for table `settings`
--
ALTER TABLE `settings`
  ADD PRIMARY KEY (`id`) USING BTREE;

--
-- Indexes for table `users`
--
ALTER TABLE `users`
  ADD PRIMARY KEY (`id`) USING BTREE,
  ADD UNIQUE KEY `users_email_unique` (`email`) USING BTREE,
  ADD KEY `role_id` (`role_id`);

--
-- AUTO_INCREMENT for dumped tables
--

--
-- AUTO_INCREMENT for table `contacts`
--
ALTER TABLE `contacts`
  MODIFY `id` int(10) NOT NULL AUTO_INCREMENT, AUTO_INCREMENT=2;

--
-- AUTO_INCREMENT for table `coupons`
--
ALTER TABLE `coupons`
  MODIFY `id` bigint(20) NOT NULL AUTO_INCREMENT, AUTO_INCREMENT=2;

--
-- AUTO_INCREMENT for table `customers`
--
ALTER TABLE `customers`
  MODIFY `id` bigint(20) NOT NULL AUTO_INCREMENT, AUTO_INCREMENT=19;

--
-- AUTO_INCREMENT for table `orders`
--
ALTER TABLE `orders`
  MODIFY `id` bigint(20) NOT NULL AUTO_INCREMENT, AUTO_INCREMENT=6;

--
-- AUTO_INCREMENT for table `order_item`
--
ALTER TABLE `order_item`
  MODIFY `id` bigint(20) NOT NULL AUTO_INCREMENT, AUTO_INCREMENT=9;

--
-- AUTO_INCREMENT for table `payments`
--
ALTER TABLE `payments`
  MODIFY `id` bigint(20) NOT NULL AUTO_INCREMENT, AUTO_INCREMENT=2;

--
-- AUTO_INCREMENT for table `products`
--
ALTER TABLE `products`
  MODIFY `id` bigint(20) NOT NULL AUTO_INCREMENT, AUTO_INCREMENT=42;

--
-- AUTO_INCREMENT for table `product_category`
--
ALTER TABLE `product_category`
  MODIFY `id` int(10) NOT NULL AUTO_INCREMENT, AUTO_INCREMENT=15;

--
-- AUTO_INCREMENT for table `reviews`
--
ALTER TABLE `reviews`
  MODIFY `id` bigint(20) NOT NULL AUTO_INCREMENT;

--
-- AUTO_INCREMENT for table `roles`
--
ALTER TABLE `roles`
  MODIFY `id` int(10) NOT NULL AUTO_INCREMENT, AUTO_INCREMENT=3;

--
-- AUTO_INCREMENT for table `settings`
--
ALTER TABLE `settings`
  MODIFY `id` int(10) NOT NULL AUTO_INCREMENT, AUTO_INCREMENT=13;

--
-- AUTO_INCREMENT for table `users`
--
ALTER TABLE `users`
  MODIFY `id` bigint(20) UNSIGNED NOT NULL AUTO_INCREMENT, AUTO_INCREMENT=20;

--
-- Constraints for dumped tables
--

--
-- Constraints for table `contacts`
--
ALTER TABLE `contacts`
  ADD CONSTRAINT `FK_contacts_contacts` FOREIGN KEY (`parent_id`) REFERENCES `contacts` (`id`) ON DELETE CASCADE ON UPDATE NO ACTION;

--
-- Constraints for table `customers`
--
ALTER TABLE `customers`
  ADD CONSTRAINT `FK_customers_users` FOREIGN KEY (`user_id`) REFERENCES `users` (`id`) ON DELETE NO ACTION ON UPDATE CASCADE;

--
-- Constraints for table `orders`
--
ALTER TABLE `orders`
  ADD CONSTRAINT `FK_orders_coupons` FOREIGN KEY (`coupon_id`) REFERENCES `coupons` (`id`) ON DELETE SET NULL ON UPDATE CASCADE,
  ADD CONSTRAINT `FK_orders_users` FOREIGN KEY (`user_id`) REFERENCES `users` (`id`) ON DELETE NO ACTION ON UPDATE CASCADE;
COMMIT;

/*!40101 SET CHARACTER_SET_CLIENT=@OLD_CHARACTER_SET_CLIENT */;
/*!40101 SET CHARACTER_SET_RESULTS=@OLD_CHARACTER_SET_RESULTS */;
/*!40101 SET COLLATION_CONNECTION=@OLD_COLLATION_CONNECTION */;
